Year,Collection Per Capita,Library
2010,2.65478,A. K. SMILEY PUBLIC LIBRARY
2011,2.70447,A. K. SMILEY PUBLIC LIBRARY
2012,2.67423,A. K. SMILEY PUBLIC LIBRARY
2013,2.68527,A. K. SMILEY PUBLIC LIBRARY
2014,2.65398,A. K. SMILEY PUBLIC LIBRARY
2015,2.79818,A. K. SMILEY PUBLIC LIBRARY
2016,2.76264,A. K. SMILEY PUBLIC LIBRARY
2017,2.81344,A. K. SMILEY PUBLIC LIBRARY
2018,2.80246,A. K. SMILEY PUBLIC LIBRARY
2019,2.91007,A. K. SMILEY PUBLIC LIBRARY
2010,1.99903,ALAMEDA COUNTY LIBRARY
2011,2.15127,ALAMEDA COUNTY LIBRARY
2012,2.15646,ALAMEDA COUNTY LIBRARY
2013,1.9832,ALAMEDA COUNTY LIBRARY
2014,2.19497,ALAMEDA COUNTY LIBRARY
2015,2.10945,ALAMEDA COUNTY LIBRARY
2016,2.13545,ALAMEDA COUNTY LIBRARY
2017,2.1776,ALAMEDA COUNTY LIBRARY
2018,2.21825,ALAMEDA COUNTY LIBRARY
2019,2.15033,ALAMEDA COUNTY LIBRARY
2010,2.50426,ALAMEDA FREE LIBRARY
2011,2.59652,ALAMEDA FREE LIBRARY
2012,2.52894,ALAMEDA FREE LIBRARY
2013,2.54614,ALAMEDA FREE LIBRARY
2014,2.593,ALAMEDA FREE LIBRARY
2015,2.47854,ALAMEDA FREE LIBRARY
2016,2.48674,ALAMEDA FREE LIBRARY
2017,3.03828,ALAMEDA FREE LIBRARY
2018,3.12643,ALAMEDA FREE LIBRARY
2019,3.04771,ALAMEDA FREE LIBRARY
2010,1.9597,ALHAMBRA CIVIC CENTER LIBRARY
2011,1.95899,ALHAMBRA CIVIC CENTER LIBRARY
2012,1.96632,ALHAMBRA CIVIC CENTER LIBRARY
2013,1.83537,ALHAMBRA CIVIC CENTER LIBRARY
2014,1.76123,ALHAMBRA CIVIC CENTER LIBRARY
2015,1.54457,ALHAMBRA CIVIC CENTER LIBRARY
2016,1.48182,ALHAMBRA CIVIC CENTER LIBRARY
2017,1.58663,ALHAMBRA CIVIC CENTER LIBRARY
2018,1.40985,ALHAMBRA CIVIC CENTER LIBRARY
2019,1.37472,ALHAMBRA CIVIC CENTER LIBRARY
2010,23.28912,ALPINE COUNTY LIBRARY/ARCHIVES
2011,28.90246,ALPINE COUNTY LIBRARY/ARCHIVES
2012,29.16835,ALPINE COUNTY LIBRARY/ARCHIVES
2013,26.33272,ALPINE COUNTY LIBRARY/ARCHIVES
2014,28.06601,ALPINE COUNTY LIBRARY/ARCHIVES
2015,26.62436,ALPINE COUNTY LIBRARY/ARCHIVES
2016,89.01998,ALPINE COUNTY LIBRARY/ARCHIVES
2017,95.89255,ALPINE COUNTY LIBRARY/ARCHIVES
2018,109.6988,ALPINE COUNTY LIBRARY/ARCHIVES
2019,59.66462,ALPINE COUNTY LIBRARY/ARCHIVES
2010,2.28195,ALTADENA LIBRARY DISTRICT
2011,2.27308,ALTADENA LIBRARY DISTRICT
2012,2.1729,ALTADENA LIBRARY DISTRICT
2013,2.44991,ALTADENA LIBRARY DISTRICT
2014,1.89187,ALTADENA LIBRARY DISTRICT
2015,1.81896,ALTADENA LIBRARY DISTRICT
2016,1.72684,ALTADENA LIBRARY DISTRICT
2017,1.54639,ALTADENA LIBRARY DISTRICT
2018,1.5028,ALTADENA LIBRARY DISTRICT
2019,9.66382,ALTADENA LIBRARY DISTRICT
2010,2.54807,AMADOR COUNTY LIBRARY
2011,2.66536,AMADOR COUNTY LIBRARY
2012,2.8457,AMADOR COUNTY LIBRARY
2013,2.93533,AMADOR COUNTY LIBRARY
2014,3.01545,AMADOR COUNTY LIBRARY
2015,2.96894,AMADOR COUNTY LIBRARY
2016,2.48987,AMADOR COUNTY LIBRARY
2017,4.48393,AMADOR COUNTY LIBRARY
2018,4.74448,AMADOR COUNTY LIBRARY
2019,17.33032,AMADOR COUNTY LIBRARY
2010,1.77225,ANAHEIM PUBLIC LIBRARY
2011,1.59272,ANAHEIM PUBLIC LIBRARY
2012,1.6009,ANAHEIM PUBLIC LIBRARY
2013,1.65274,ANAHEIM PUBLIC LIBRARY
2014,1.80038,ANAHEIM PUBLIC LIBRARY
2015,1.49088,ANAHEIM PUBLIC LIBRARY
2016,1.48659,ANAHEIM PUBLIC LIBRARY
2017,1.47392,ANAHEIM PUBLIC LIBRARY
2018,1.39269,ANAHEIM PUBLIC LIBRARY
2019,1.53732,ANAHEIM PUBLIC LIBRARY
2010,3.45291,ARCADIA PUBLIC LIBRARY
2011,3.559,ARCADIA PUBLIC LIBRARY
2012,3.5411,ARCADIA PUBLIC LIBRARY
2013,3.60136,ARCADIA PUBLIC LIBRARY
2014,3.55361,ARCADIA PUBLIC LIBRARY
2015,3.54887,ARCADIA PUBLIC LIBRARY
2016,3.68242,ARCADIA PUBLIC LIBRARY
2017,3.7169,ARCADIA PUBLIC LIBRARY
2018,3.64438,ARCADIA PUBLIC LIBRARY
2019,3.68799,ARCADIA PUBLIC LIBRARY
2010,1.96552,AZUSA CITY LIBRARY
2011,2.19859,AZUSA CITY LIBRARY
2012,2.24795,AZUSA CITY LIBRARY
2013,2.38099,AZUSA CITY LIBRARY
2014,2.35156,AZUSA CITY LIBRARY
2015,2.35999,AZUSA CITY LIBRARY
2016,2.31277,AZUSA CITY LIBRARY
2017,2.4324,AZUSA CITY LIBRARY
2018,2.4143,AZUSA CITY LIBRARY
2019,2.52916,AZUSA CITY LIBRARY
2010,1.61628,BANNING LIBRARY DISTRICT
2011,2.13447,BANNING LIBRARY DISTRICT
2012,2.08998,BANNING LIBRARY DISTRICT
2013,2.17503,BANNING LIBRARY DISTRICT
2014,3.9078,BANNING LIBRARY DISTRICT
2015,3.28762,BANNING LIBRARY DISTRICT
2016,4.48137,BANNING LIBRARY DISTRICT
2017,4.51878,BANNING LIBRARY DISTRICT
2018,4.95951,BANNING LIBRARY DISTRICT
2019,15.38448,BANNING LIBRARY DISTRICT
2010,1.08479,BEAUMONT LIBRARY DISTRICT
2011,1.11582,BEAUMONT LIBRARY DISTRICT
2012,1.1029,BEAUMONT LIBRARY DISTRICT
2013,1.08951,BEAUMONT LIBRARY DISTRICT
2014,0.98092,BEAUMONT LIBRARY DISTRICT
2015,1.63792,BEAUMONT LIBRARY DISTRICT
2016,1.74971,BEAUMONT LIBRARY DISTRICT
2017,2.57295,BEAUMONT LIBRARY DISTRICT
2018,2.48504,BEAUMONT LIBRARY DISTRICT
2019,7.14859,BEAUMONT LIBRARY DISTRICT
2010,7.23529,BELVEDERE-TIBURON LIBRARY
2011,7.0696,BELVEDERE-TIBURON LIBRARY
2012,11.79779,BELVEDERE-TIBURON LIBRARY
2013,10.72335,BELVEDERE-TIBURON LIBRARY
2014,16.7214,BELVEDERE-TIBURON LIBRARY
2015,17.73073,BELVEDERE-TIBURON LIBRARY
2016,36.57945,BELVEDERE-TIBURON LIBRARY
2017,44.49088,BELVEDERE-TIBURON LIBRARY
2018,57.49331,BELVEDERE-TIBURON LIBRARY
2019,68.6226,BELVEDERE-TIBURON LIBRARY
2010,4.37765,BENICIA PUBLIC LIBRARY
2011,5.61886,BENICIA PUBLIC LIBRARY
2012,3.97725,BENICIA PUBLIC LIBRARY
2013,4.24383,BENICIA PUBLIC LIBRARY
2014,4.25689,BENICIA PUBLIC LIBRARY
2015,3.88997,BENICIA PUBLIC LIBRARY
2016,3.82293,BENICIA PUBLIC LIBRARY
2017,7.81621,BENICIA PUBLIC LIBRARY
2018,8.65219,BENICIA PUBLIC LIBRARY
2019,9.48243,BENICIA PUBLIC LIBRARY
2010,5.04272,BERKELEY PUBLIC LIBRARY
2011,5.13064,BERKELEY PUBLIC LIBRARY
2012,4.86953,BERKELEY PUBLIC LIBRARY
2013,4.8522,BERKELEY PUBLIC LIBRARY
2014,5.42838,BERKELEY PUBLIC LIBRARY
2015,6.36986,BERKELEY PUBLIC LIBRARY
2016,6.79583,BERKELEY PUBLIC LIBRARY
2017,7.97328,BERKELEY PUBLIC LIBRARY
2018,7.98849,BERKELEY PUBLIC LIBRARY
2019,9.08368,BERKELEY PUBLIC LIBRARY
2010,7.84849,BEVERLY HILLS PUBLIC LIBRARY
2011,7.3605,BEVERLY HILLS PUBLIC LIBRARY
2012,7.07851,BEVERLY HILLS PUBLIC LIBRARY
2013,7.19661,BEVERLY HILLS PUBLIC LIBRARY
2014,6.33437,BEVERLY HILLS PUBLIC LIBRARY
2015,6.17024,BEVERLY HILLS PUBLIC LIBRARY
2016,6.73913,BEVERLY HILLS PUBLIC LIBRARY
2017,8.38981,BEVERLY HILLS PUBLIC LIBRARY
2018,18.51125,BEVERLY HILLS PUBLIC LIBRARY
2019,23.50949,BEVERLY HILLS PUBLIC LIBRARY
2010,3.16671,BLANCHARD/SANTA PAULA PUBLIC LIBRARY DISTRICT
2011,3.22532,BLANCHARD/SANTA PAULA PUBLIC LIBRARY DISTRICT
2012,3.15454,BLANCHARD/SANTA PAULA PUBLIC LIBRARY DISTRICT
2013,3.25079,BLANCHARD/SANTA PAULA PUBLIC LIBRARY DISTRICT
2014,3.53479,BLANCHARD/SANTA PAULA PUBLIC LIBRARY DISTRICT
2015,7.52032,BLANCHARD/SANTA PAULA PUBLIC LIBRARY DISTRICT
2016,5.17352,BLANCHARD/SANTA PAULA PUBLIC LIBRARY DISTRICT
2017,8.45276,BLANCHARD/SANTA PAULA PUBLIC LIBRARY DISTRICT
2018,9.25725,BLANCHARD/SANTA PAULA PUBLIC LIBRARY DISTRICT
2019,12.49663,BLANCHARD/SANTA PAULA PUBLIC LIBRARY DISTRICT
2010,2.15045,BRAWLEY PUBLIC LIBRARY
2011,2.13788,BRAWLEY PUBLIC LIBRARY
2012,2.25697,BRAWLEY PUBLIC LIBRARY
2013,2.25988,BRAWLEY PUBLIC LIBRARY
2014,2.14913,BRAWLEY PUBLIC LIBRARY
2015,2.28164,BRAWLEY PUBLIC LIBRARY
2016,2.07464,BRAWLEY PUBLIC LIBRARY
2017,2.05413,BRAWLEY PUBLIC LIBRARY
2018,1.95775,BRAWLEY PUBLIC LIBRARY
2019,1.81626,BRAWLEY PUBLIC LIBRARY
2010,1.62341,BUENA PARK LIBRARY DISTRICT
2011,1.54813,BUENA PARK LIBRARY DISTRICT
2012,1.53793,BUENA PARK LIBRARY DISTRICT
2013,1.37943,BUENA PARK LIBRARY DISTRICT
2014,1.79471,BUENA PARK LIBRARY DISTRICT
2015,1.64975,BUENA PARK LIBRARY DISTRICT
2016,1.65636,BUENA PARK LIBRARY DISTRICT
2017,1.7019,BUENA PARK LIBRARY DISTRICT
2018,1.77429,BUENA PARK LIBRARY DISTRICT
2019,8.50227,BUENA PARK LIBRARY DISTRICT
2010,4.86579,BURBANK PUBLIC LIBRARY
2011,5.12328,BURBANK PUBLIC LIBRARY
2012,5.34695,BURBANK PUBLIC LIBRARY
2013,5.52945,BURBANK PUBLIC LIBRARY
2014,4.83523,BURBANK PUBLIC LIBRARY
2015,5.05242,BURBANK PUBLIC LIBRARY
2016,4.75493,BURBANK PUBLIC LIBRARY
2017,3.93923,BURBANK PUBLIC LIBRARY
2018,4.00371,BURBANK PUBLIC LIBRARY
2019,5.04962,BURBANK PUBLIC LIBRARY
2010,6.28944,BURLINGAME PUBLIC LIBRARY
2011,6.44458,BURLINGAME PUBLIC LIBRARY
2012,6.44508,BURLINGAME PUBLIC LIBRARY
2013,7.10932,BURLINGAME PUBLIC LIBRARY
2014,6.94827,BURLINGAME PUBLIC LIBRARY
2015,7.49628,BURLINGAME PUBLIC LIBRARY
2016,7.56978,BURLINGAME PUBLIC LIBRARY
2017,7.93087,BURLINGAME PUBLIC LIBRARY
2018,7.05023,BURLINGAME PUBLIC LIBRARY
2019,10.53907,BURLINGAME PUBLIC LIBRARY
2010,1.18993,BUTTE COUNTY LIBRARY
2011,1.25709,BUTTE COUNTY LIBRARY
2012,1.25739,BUTTE COUNTY LIBRARY
2013,1.17167,BUTTE COUNTY LIBRARY
2014,1.13922,BUTTE COUNTY LIBRARY
2015,1.26194,BUTTE COUNTY LIBRARY
2016,1.414,BUTTE COUNTY LIBRARY
2017,1.42965,BUTTE COUNTY LIBRARY
2018,1.51277,BUTTE COUNTY LIBRARY
2019,1.59304,BUTTE COUNTY LIBRARY
2010,2.66512,CALABASAS CITY LIBRARY
2011,2.75468,CALABASAS CITY LIBRARY
2012,2.87745,CALABASAS CITY LIBRARY
2013,3.02623,CALABASAS CITY LIBRARY
2014,3.13869,CALABASAS CITY LIBRARY
2015,3.23587,CALABASAS CITY LIBRARY
2016,3.29361,CALABASAS CITY LIBRARY
2017,3.37158,CALABASAS CITY LIBRARY
2018,3.53909,CALABASAS CITY LIBRARY
2019,3.61133,CALABASAS CITY LIBRARY
2010,2.16188,CALAVERAS COUNTY LIBRARY
2011,2.24362,CALAVERAS COUNTY LIBRARY
2012,2.22883,CALAVERAS COUNTY LIBRARY
2013,2.34083,CALAVERAS COUNTY LIBRARY
2014,2.32955,CALAVERAS COUNTY LIBRARY
2015,2.7131,CALAVERAS COUNTY LIBRARY
2016,3.54581,CALAVERAS COUNTY LIBRARY
2017,3.26481,CALAVERAS COUNTY LIBRARY
2018,3.27825,CALAVERAS COUNTY LIBRARY
2019,3.4541,CALAVERAS COUNTY LIBRARY
2010,1.78806,CAMARENA MEMORIAL PUBLIC LIBRARY
2011,1.60848,CAMARENA MEMORIAL PUBLIC LIBRARY
2012,1.78009,CAMARENA MEMORIAL PUBLIC LIBRARY
2013,1.63956,CAMARENA MEMORIAL PUBLIC LIBRARY
2014,1.54317,CAMARENA MEMORIAL PUBLIC LIBRARY
2015,1.69568,CAMARENA MEMORIAL PUBLIC LIBRARY
2016,1.77747,CAMARENA MEMORIAL PUBLIC LIBRARY
2017,3.88607,CAMARENA MEMORIAL PUBLIC LIBRARY
2018,3.41343,CAMARENA MEMORIAL PUBLIC LIBRARY
2019,7.10307,CAMARENA MEMORIAL PUBLIC LIBRARY
2010,3.57217,CAMARILLO PUBLIC LIBRARY
2011,3.74095,CAMARILLO PUBLIC LIBRARY
2012,4.3566,CAMARILLO PUBLIC LIBRARY
2013,4.53558,CAMARILLO PUBLIC LIBRARY
2014,5.4789,CAMARILLO PUBLIC LIBRARY
2015,3.22434,CAMARILLO PUBLIC LIBRARY
2016,3.58725,CAMARILLO PUBLIC LIBRARY
2017,3.73167,CAMARILLO PUBLIC LIBRARY
2018,3.26668,CAMARILLO PUBLIC LIBRARY
2019,9.71136,CAMARILLO PUBLIC LIBRARY
2010,3.27401,CARLSBAD CITY LIBRARY
2011,3.21086,CARLSBAD CITY LIBRARY
2012,3.23973,CARLSBAD CITY LIBRARY
2013,3.09258,CARLSBAD CITY LIBRARY
2014,2.93725,CARLSBAD CITY LIBRARY
2015,2.65476,CARLSBAD CITY LIBRARY
2016,2.686,CARLSBAD CITY LIBRARY
2017,2.65098,CARLSBAD CITY LIBRARY
2018,2.75987,CARLSBAD CITY LIBRARY
2019,2.7306,CARLSBAD CITY LIBRARY
2010,5.18633,CERRITOS PUBLIC LIBRARY
2011,5.16094,CERRITOS PUBLIC LIBRARY
2012,5.12757,CERRITOS PUBLIC LIBRARY
2013,5.1657,CERRITOS PUBLIC LIBRARY
2014,4.73631,CERRITOS PUBLIC LIBRARY
2015,5.80106,CERRITOS PUBLIC LIBRARY
2016,5.39935,CERRITOS PUBLIC LIBRARY
2017,5.90249,CERRITOS PUBLIC LIBRARY
2018,5.003,CERRITOS PUBLIC LIBRARY
2019,5.89707,CERRITOS PUBLIC LIBRARY
2010,1.80721,CHULA VISTA PUBLIC LIBRARY
2011,1.38709,CHULA VISTA PUBLIC LIBRARY
2012,1.41863,CHULA VISTA PUBLIC LIBRARY
2013,1.36835,CHULA VISTA PUBLIC LIBRARY
2014,1.29085,CHULA VISTA PUBLIC LIBRARY
2015,1.18965,CHULA VISTA PUBLIC LIBRARY
2016,1.17826,CHULA VISTA PUBLIC LIBRARY
2017,1.09974,CHULA VISTA PUBLIC LIBRARY
2018,1.1151,CHULA VISTA PUBLIC LIBRARY
2019,0.99532,CHULA VISTA PUBLIC LIBRARY
2010,8.85411,CITY OF COMMERCE PUBLIC LIBRARY
2011,9.34216,CITY OF COMMERCE PUBLIC LIBRARY
2012,9.58129,CITY OF COMMERCE PUBLIC LIBRARY
2013,8.95862,CITY OF COMMERCE PUBLIC LIBRARY
2014,9.36194,CITY OF COMMERCE PUBLIC LIBRARY
2015,9.31645,CITY OF COMMERCE PUBLIC LIBRARY
2016,9.64605,CITY OF COMMERCE PUBLIC LIBRARY
2017,9.29785,CITY OF COMMERCE PUBLIC LIBRARY
2018,9.23861,CITY OF COMMERCE PUBLIC LIBRARY
2019,8.63988,CITY OF COMMERCE PUBLIC LIBRARY
2010,2.31983,COALINGA-HURON LIBRARY DISTRICT
2011,2.65179,COALINGA-HURON LIBRARY DISTRICT
2012,3.39839,COALINGA-HURON LIBRARY DISTRICT
2013,3.23626,COALINGA-HURON LIBRARY DISTRICT
2014,3.06996,COALINGA-HURON LIBRARY DISTRICT
2015,3.40596,COALINGA-HURON LIBRARY DISTRICT
2016,2.68449,COALINGA-HURON LIBRARY DISTRICT
2017,3.45262,COALINGA-HURON LIBRARY DISTRICT
2018,2.82458,COALINGA-HURON LIBRARY DISTRICT
2019,3.25578,COALINGA-HURON LIBRARY DISTRICT
2010,1.55716,COLTON PUBLIC LIBRARY
2011,1.51463,COLTON PUBLIC LIBRARY
2012,1.36379,COLTON PUBLIC LIBRARY
2013,1.38093,COLTON PUBLIC LIBRARY
2014,1.51705,COLTON PUBLIC LIBRARY
2015,1.52314,COLTON PUBLIC LIBRARY
2016,1.53138,COLTON PUBLIC LIBRARY
2017,1.50566,COLTON PUBLIC LIBRARY
2018,1.5489,COLTON PUBLIC LIBRARY
2019,1.51881,COLTON PUBLIC LIBRARY
2010,4.91423,COLUSA COUNTY FREE LIBRARY
2011,4.76879,COLUSA COUNTY FREE LIBRARY
2012,4.93757,COLUSA COUNTY FREE LIBRARY
2013,5.07516,COLUSA COUNTY FREE LIBRARY
2014,4.96758,COLUSA COUNTY FREE LIBRARY
2015,4.72886,COLUSA COUNTY FREE LIBRARY
2016,7.34337,COLUSA COUNTY FREE LIBRARY
2017,8.08616,COLUSA COUNTY FREE LIBRARY
2018,8.57426,COLUSA COUNTY FREE LIBRARY
2019,28.64533,COLUSA COUNTY FREE LIBRARY
2010,1.69742,CONTRA COSTA COUNTY LIBRARY
2011,1.71922,CONTRA COSTA COUNTY LIBRARY
2012,1.70819,CONTRA COSTA COUNTY LIBRARY
2013,1.59048,CONTRA COSTA COUNTY LIBRARY
2014,1.66225,CONTRA COSTA COUNTY LIBRARY
2015,1.53051,CONTRA COSTA COUNTY LIBRARY
2016,1.50278,CONTRA COSTA COUNTY LIBRARY
2017,1.56658,CONTRA COSTA COUNTY LIBRARY
2018,1.2362,CONTRA COSTA COUNTY LIBRARY
2019,1.20848,CONTRA COSTA COUNTY LIBRARY
2010,0.95755,CORONA PUBLIC LIBRARY
2011,0.97488,CORONA PUBLIC LIBRARY
2012,0.71972,CORONA PUBLIC LIBRARY
2013,0.78008,CORONA PUBLIC LIBRARY
2014,1.01015,CORONA PUBLIC LIBRARY
2015,0.92664,CORONA PUBLIC LIBRARY
2016,1.03945,CORONA PUBLIC LIBRARY
2017,0.9714,CORONA PUBLIC LIBRARY
2018,0.9839,CORONA PUBLIC LIBRARY
2019,1.104,CORONA PUBLIC LIBRARY
2010,8.06688,CORONADO PUBLIC LIBRARY
2011,8.39777,CORONADO PUBLIC LIBRARY
2012,8.50246,CORONADO PUBLIC LIBRARY
2013,8.52073,CORONADO PUBLIC LIBRARY
2014,8.7089,CORONADO PUBLIC LIBRARY
2015,8.1126,CORONADO PUBLIC LIBRARY
2016,8.35831,CORONADO PUBLIC LIBRARY
2017,9.26823,CORONADO PUBLIC LIBRARY
2018,8.37278,CORONADO PUBLIC LIBRARY
2019,8.07142,CORONADO PUBLIC LIBRARY
2010,1.97087,COVINA PUBLIC LIBRARY
2011,2.07055,COVINA PUBLIC LIBRARY
2012,1.9002,COVINA PUBLIC LIBRARY
2013,1.97522,COVINA PUBLIC LIBRARY
2014,1.95992,COVINA PUBLIC LIBRARY
2015,1.98371,COVINA PUBLIC LIBRARY
2016,2.04589,COVINA PUBLIC LIBRARY
2017,2.52751,COVINA PUBLIC LIBRARY
2018,2.51201,COVINA PUBLIC LIBRARY
2019,2.5486,COVINA PUBLIC LIBRARY
2010,6.28601,CROWELL PUBLIC LIBRARY
2011,7.07116,CROWELL PUBLIC LIBRARY
2012,7.11762,CROWELL PUBLIC LIBRARY
2013,7.58009,CROWELL PUBLIC LIBRARY
2014,7.4994,CROWELL PUBLIC LIBRARY
2015,7.51821,CROWELL PUBLIC LIBRARY
2016,7.45571,CROWELL PUBLIC LIBRARY
2017,7.27426,CROWELL PUBLIC LIBRARY
2018,6.08658,CROWELL PUBLIC LIBRARY
2019,7.41988,CROWELL PUBLIC LIBRARY
2010,2.2433,DALY CITY PUBLIC LIBRARY
2011,2.13803,DALY CITY PUBLIC LIBRARY
2012,2.1319,DALY CITY PUBLIC LIBRARY
2013,2.48432,DALY CITY PUBLIC LIBRARY
2014,2.48717,DALY CITY PUBLIC LIBRARY
2015,2.58724,DALY CITY PUBLIC LIBRARY
2016,2.64511,DALY CITY PUBLIC LIBRARY
2017,2.73898,DALY CITY PUBLIC LIBRARY
2018,2.50747,DALY CITY PUBLIC LIBRARY
2019,3.71158,DALY CITY PUBLIC LIBRARY
2010,2.04015,DEL NORTE COUNTY LIBRARY DISTRICT
2011,2.19825,DEL NORTE COUNTY LIBRARY DISTRICT
2012,-0.00014,DEL NORTE COUNTY LIBRARY DISTRICT
2013,2.1135,DEL NORTE COUNTY LIBRARY DISTRICT
2014,,DEL NORTE COUNTY LIBRARY DISTRICT
2015,,DEL NORTE COUNTY LIBRARY DISTRICT
2016,1.93438,DEL NORTE COUNTY LIBRARY DISTRICT
2017,2.0223,DEL NORTE COUNTY LIBRARY DISTRICT
2018,2.15711,DEL NORTE COUNTY LIBRARY DISTRICT
2019,2.30493,DEL NORTE COUNTY LIBRARY DISTRICT
2010,2.18941,DIXON PUBLIC LIBRARY DISTRICT
2011,2.78483,DIXON PUBLIC LIBRARY DISTRICT
2012,2.18904,DIXON PUBLIC LIBRARY DISTRICT
2013,2.15521,DIXON PUBLIC LIBRARY DISTRICT
2014,2.14234,DIXON PUBLIC LIBRARY DISTRICT
2015,2.00537,DIXON PUBLIC LIBRARY DISTRICT
2016,2.05202,DIXON PUBLIC LIBRARY DISTRICT
2017,2.12528,DIXON PUBLIC LIBRARY DISTRICT
2018,2.59933,DIXON PUBLIC LIBRARY DISTRICT
2019,0.00017,DIXON PUBLIC LIBRARY DISTRICT
2010,1.21337,DOWNEY CITY LIBRARY
2011,1.18868,DOWNEY CITY LIBRARY
2012,1.16545,DOWNEY CITY LIBRARY
2013,1.23881,DOWNEY CITY LIBRARY
2014,1.17905,DOWNEY CITY LIBRARY
2015,1.24346,DOWNEY CITY LIBRARY
2016,1.24717,DOWNEY CITY LIBRARY
2017,0.98399,DOWNEY CITY LIBRARY
2018,0.86621,DOWNEY CITY LIBRARY
2019,0.64938,DOWNEY CITY LIBRARY
2010,3.12298,EL CENTRO PUBLIC LIBRARY
2011,,EL CENTRO PUBLIC LIBRARY
2012,3.03813,EL CENTRO PUBLIC LIBRARY
2013,2.38196,EL CENTRO PUBLIC LIBRARY
2014,2.44311,EL CENTRO PUBLIC LIBRARY
2015,2.37447,EL CENTRO PUBLIC LIBRARY
2016,2.27413,EL CENTRO PUBLIC LIBRARY
2017,2.16466,EL CENTRO PUBLIC LIBRARY
2018,2.24695,EL CENTRO PUBLIC LIBRARY
2019,1.87472,EL CENTRO PUBLIC LIBRARY
2010,2.06359,EL DORADO COUNTY LIBRARY
2011,2.10582,EL DORADO COUNTY LIBRARY
2012,2.06135,EL DORADO COUNTY LIBRARY
2013,2.09372,EL DORADO COUNTY LIBRARY
2014,2.30737,EL DORADO COUNTY LIBRARY
2015,2.34807,EL DORADO COUNTY LIBRARY
2016,2.36963,EL DORADO COUNTY LIBRARY
2017,2.4729,EL DORADO COUNTY LIBRARY
2018,2.44133,EL DORADO COUNTY LIBRARY
2019,2.41361,EL DORADO COUNTY LIBRARY
2010,10.00407,EL SEGUNDO PUBLIC LIBRARY
2011,10.06531,EL SEGUNDO PUBLIC LIBRARY
2012,10.05677,EL SEGUNDO PUBLIC LIBRARY
2013,6.56554,EL SEGUNDO PUBLIC LIBRARY
2014,6.47571,EL SEGUNDO PUBLIC LIBRARY
2015,10.22516,EL SEGUNDO PUBLIC LIBRARY
2016,9.69355,EL SEGUNDO PUBLIC LIBRARY
2017,9.17952,EL SEGUNDO PUBLIC LIBRARY
2018,9.46701,EL SEGUNDO PUBLIC LIBRARY
2019,9.24885,EL SEGUNDO PUBLIC LIBRARY
2010,1.63737,ESCONDIDO PUBLIC LIBRARY
2011,1.03845,ESCONDIDO PUBLIC LIBRARY
2012,1.03969,ESCONDIDO PUBLIC LIBRARY
2013,1.38673,ESCONDIDO PUBLIC LIBRARY
2014,1.41436,ESCONDIDO PUBLIC LIBRARY
2015,1.32588,ESCONDIDO PUBLIC LIBRARY
2016,1.11833,ESCONDIDO PUBLIC LIBRARY
2017,1.04956,ESCONDIDO PUBLIC LIBRARY
2018,1.00818,ESCONDIDO PUBLIC LIBRARY
2019,0.86703,ESCONDIDO PUBLIC LIBRARY
2010,1.57501,FOLSOM PUBLIC LIBRARY
2011,1.41346,FOLSOM PUBLIC LIBRARY
2012,1.46094,FOLSOM PUBLIC LIBRARY
2013,1.35024,FOLSOM PUBLIC LIBRARY
2014,1.29496,FOLSOM PUBLIC LIBRARY
2015,1.25816,FOLSOM PUBLIC LIBRARY
2016,1.20862,FOLSOM PUBLIC LIBRARY
2017,1.25773,FOLSOM PUBLIC LIBRARY
2018,1.41405,FOLSOM PUBLIC LIBRARY
2019,1.61747,FOLSOM PUBLIC LIBRARY
2010,2.67402,FRESNO COUNTY PUBLIC LIBRARY
2011,2.66699,FRESNO COUNTY PUBLIC LIBRARY
2012,2.62483,FRESNO COUNTY PUBLIC LIBRARY
2013,2.57336,FRESNO COUNTY PUBLIC LIBRARY
2014,2.48781,FRESNO COUNTY PUBLIC LIBRARY
2015,2.10734,FRESNO COUNTY PUBLIC LIBRARY
2016,2.50001,FRESNO COUNTY PUBLIC LIBRARY
2017,1.06584,FRESNO COUNTY PUBLIC LIBRARY
2018,0.99132,FRESNO COUNTY PUBLIC LIBRARY
2019,0.90983,FRESNO COUNTY PUBLIC LIBRARY
2010,1.76752,FULLERTON PUBLIC LIBRARY
2011,1.70224,FULLERTON PUBLIC LIBRARY
2012,1.66918,FULLERTON PUBLIC LIBRARY
2013,1.55487,FULLERTON PUBLIC LIBRARY
2014,1.64347,FULLERTON PUBLIC LIBRARY
2015,1.44133,FULLERTON PUBLIC LIBRARY
2016,1.47044,FULLERTON PUBLIC LIBRARY
2017,1.42872,FULLERTON PUBLIC LIBRARY
2018,1.4966,FULLERTON PUBLIC LIBRARY
2019,1.42313,FULLERTON PUBLIC LIBRARY
2010,3.59966,"GLENDALE LIBRARY, ARTS & CULTURE"
2011,3.10181,"GLENDALE LIBRARY, ARTS & CULTURE"
2012,3.54543,"GLENDALE LIBRARY, ARTS & CULTURE"
2013,3.32702,"GLENDALE LIBRARY, ARTS & CULTURE"
2014,3.11986,"GLENDALE LIBRARY, ARTS & CULTURE"
2015,2.70809,"GLENDALE LIBRARY, ARTS & CULTURE"
2016,2.5651,"GLENDALE LIBRARY, ARTS & CULTURE"
2017,2.46333,"GLENDALE LIBRARY, ARTS & CULTURE"
2018,3.80204,"GLENDALE LIBRARY, ARTS & CULTURE"
2019,6.5189,"GLENDALE LIBRARY, ARTS & CULTURE"
2010,2.73657,GLENDORA LIBRARY & CULTURAL CENTER
2011,2.68932,GLENDORA LIBRARY & CULTURAL CENTER
2012,2.60966,GLENDORA LIBRARY & CULTURAL CENTER
2013,2.55847,GLENDORA LIBRARY & CULTURAL CENTER
2014,2.52393,GLENDORA LIBRARY & CULTURAL CENTER
2015,2.54916,GLENDORA LIBRARY & CULTURAL CENTER
2016,2.37394,GLENDORA LIBRARY & CULTURAL CENTER
2017,2.53299,GLENDORA LIBRARY & CULTURAL CENTER
2018,4.8006,GLENDORA LIBRARY & CULTURAL CENTER
2019,5.06822,GLENDORA LIBRARY & CULTURAL CENTER
2010,,GOLETA VALLEY LIBRARY
2011,,GOLETA VALLEY LIBRARY
2012,,GOLETA VALLEY LIBRARY
2013,,GOLETA VALLEY LIBRARY
2014,,GOLETA VALLEY LIBRARY
2015,,GOLETA VALLEY LIBRARY
2016,,GOLETA VALLEY LIBRARY
2017,,GOLETA VALLEY LIBRARY
2018,3.09749,GOLETA VALLEY LIBRARY
2019,1.89013,GOLETA VALLEY LIBRARY
2010,20.96709,HARRISON MEMORIAL LIBRARY
2011,21.12543,HARRISON MEMORIAL LIBRARY
2012,20.52927,HARRISON MEMORIAL LIBRARY
2013,21.96776,HARRISON MEMORIAL LIBRARY
2014,34.49613,HARRISON MEMORIAL LIBRARY
2015,50.54657,HARRISON MEMORIAL LIBRARY
2016,39.56091,HARRISON MEMORIAL LIBRARY
2017,35.76853,HARRISON MEMORIAL LIBRARY
2018,104.31302,HARRISON MEMORIAL LIBRARY
2019,131.60091,HARRISON MEMORIAL LIBRARY
2010,1.15436,HAYWARD PUBLIC LIBRARY
2011,1.06652,HAYWARD PUBLIC LIBRARY
2012,1.14648,HAYWARD PUBLIC LIBRARY
2013,1.11596,HAYWARD PUBLIC LIBRARY
2014,1.19635,HAYWARD PUBLIC LIBRARY
2015,1.23682,HAYWARD PUBLIC LIBRARY
2016,1.17036,HAYWARD PUBLIC LIBRARY
2017,1.24401,HAYWARD PUBLIC LIBRARY
2018,1.47701,HAYWARD PUBLIC LIBRARY
2019,4.08411,HAYWARD PUBLIC LIBRARY
2010,1.47956,HEMET PUBLIC LIBRARY
2011,1.50842,HEMET PUBLIC LIBRARY
2012,1.2949,HEMET PUBLIC LIBRARY
2013,1.45708,HEMET PUBLIC LIBRARY
2014,1.28724,HEMET PUBLIC LIBRARY
2015,1.34897,HEMET PUBLIC LIBRARY
2016,1.3433,HEMET PUBLIC LIBRARY
2017,1.15717,HEMET PUBLIC LIBRARY
2018,1.20734,HEMET PUBLIC LIBRARY
2019,6.10242,HEMET PUBLIC LIBRARY
2010,2.18846,HUMBOLDT COUNTY LIBRARY
2011,2.23062,HUMBOLDT COUNTY LIBRARY
2012,2.28444,HUMBOLDT COUNTY LIBRARY
2013,2.32802,HUMBOLDT COUNTY LIBRARY
2014,2.30664,HUMBOLDT COUNTY LIBRARY
2015,2.25213,HUMBOLDT COUNTY LIBRARY
2016,2.16156,HUMBOLDT COUNTY LIBRARY
2017,2.23677,HUMBOLDT COUNTY LIBRARY
2018,2.31927,HUMBOLDT COUNTY LIBRARY
2019,2.29993,HUMBOLDT COUNTY LIBRARY
2010,2.21345,HUNTINGTON BEACH PUBLIC LIBRARY
2011,2.17266,HUNTINGTON BEACH PUBLIC LIBRARY
2012,2.11919,HUNTINGTON BEACH PUBLIC LIBRARY
2013,1.74523,HUNTINGTON BEACH PUBLIC LIBRARY
2014,1.7284,HUNTINGTON BEACH PUBLIC LIBRARY
2015,1.77878,HUNTINGTON BEACH PUBLIC LIBRARY
2016,1.7963,HUNTINGTON BEACH PUBLIC LIBRARY
2017,1.47915,HUNTINGTON BEACH PUBLIC LIBRARY
2018,3.23889,HUNTINGTON BEACH PUBLIC LIBRARY
2019,3.76754,HUNTINGTON BEACH PUBLIC LIBRARY
2010,0.85573,IMPERIAL COUNTY LIBRARY
2011,0.96961,IMPERIAL COUNTY LIBRARY
2012,1.06268,IMPERIAL COUNTY LIBRARY
2013,1.14638,IMPERIAL COUNTY LIBRARY
2014,1.0642,IMPERIAL COUNTY LIBRARY
2015,1.02121,IMPERIAL COUNTY LIBRARY
2016,1.1647,IMPERIAL COUNTY LIBRARY
2017,1.26036,IMPERIAL COUNTY LIBRARY
2018,1.18791,IMPERIAL COUNTY LIBRARY
2019,1.3132,IMPERIAL COUNTY LIBRARY
2010,2.19471,IMPERIAL PUBLIC LIBRARY
2011,2.33492,IMPERIAL PUBLIC LIBRARY
2012,2.22504,IMPERIAL PUBLIC LIBRARY
2013,2.22654,IMPERIAL PUBLIC LIBRARY
2014,2.23501,IMPERIAL PUBLIC LIBRARY
2015,2.16433,IMPERIAL PUBLIC LIBRARY
2016,2.18442,IMPERIAL PUBLIC LIBRARY
2017,2.12621,IMPERIAL PUBLIC LIBRARY
2018,2.08059,IMPERIAL PUBLIC LIBRARY
2019,2.14759,IMPERIAL PUBLIC LIBRARY
2010,3.82712,INGLEWOOD PUBLIC LIBRARY
2011,3.80739,INGLEWOOD PUBLIC LIBRARY
2012,2.83724,INGLEWOOD PUBLIC LIBRARY
2013,3.13804,INGLEWOOD PUBLIC LIBRARY
2014,2.90723,INGLEWOOD PUBLIC LIBRARY
2015,3.02843,INGLEWOOD PUBLIC LIBRARY
2016,2.39917,INGLEWOOD PUBLIC LIBRARY
2017,2.04879,INGLEWOOD PUBLIC LIBRARY
2018,1.75525,INGLEWOOD PUBLIC LIBRARY
2019,1.91868,INGLEWOOD PUBLIC LIBRARY
2010,6.14608,INYO COUNTY FREE LIBRARY
2011,6.27637,INYO COUNTY FREE LIBRARY
2012,6.32725,INYO COUNTY FREE LIBRARY
2013,6.41641,INYO COUNTY FREE LIBRARY
2014,6.67164,INYO COUNTY FREE LIBRARY
2015,9.2822,INYO COUNTY FREE LIBRARY
2016,10.62399,INYO COUNTY FREE LIBRARY
2017,13.64806,INYO COUNTY FREE LIBRARY
2018,14.70392,INYO COUNTY FREE LIBRARY
2019,15.83115,INYO COUNTY FREE LIBRARY
2010,14.18373,IRWINDALE PUBLIC LIBRARY
2011,14.41525,IRWINDALE PUBLIC LIBRARY
2012,13.66162,IRWINDALE PUBLIC LIBRARY
2013,13.3895,IRWINDALE PUBLIC LIBRARY
2014,14.09301,IRWINDALE PUBLIC LIBRARY
2015,15.21696,IRWINDALE PUBLIC LIBRARY
2016,53.65987,IRWINDALE PUBLIC LIBRARY
2017,52.93172,IRWINDALE PUBLIC LIBRARY
2018,27.94821,IRWINDALE PUBLIC LIBRARY
2019,25.56764,IRWINDALE PUBLIC LIBRARY
2010,1.37291,KERN COUNTY LIBRARY
2011,1.27176,KERN COUNTY LIBRARY
2012,1.23623,KERN COUNTY LIBRARY
2013,1.16953,KERN COUNTY LIBRARY
2014,1.15764,KERN COUNTY LIBRARY
2015,1.05115,KERN COUNTY LIBRARY
2016,0.91236,KERN COUNTY LIBRARY
2017,0.93324,KERN COUNTY LIBRARY
2018,1.2605,KERN COUNTY LIBRARY
2019,1.4353,KERN COUNTY LIBRARY
2010,1.08939,KINGS COUNTY LIBRARY
2011,1.09961,KINGS COUNTY LIBRARY
2012,1.07831,KINGS COUNTY LIBRARY
2013,1.16595,KINGS COUNTY LIBRARY
2014,1.18532,KINGS COUNTY LIBRARY
2015,1.11684,KINGS COUNTY LIBRARY
2016,1.19389,KINGS COUNTY LIBRARY
2017,1.19933,KINGS COUNTY LIBRARY
2018,1.73522,KINGS COUNTY LIBRARY
2019,1.81112,KINGS COUNTY LIBRARY
2010,1.93422,LA COUNTY LIBRARY
2011,1.89598,LA COUNTY LIBRARY
2012,1.82691,LA COUNTY LIBRARY
2013,1.7335,LA COUNTY LIBRARY
2014,1.74155,LA COUNTY LIBRARY
2015,1.71392,LA COUNTY LIBRARY
2016,1.73575,LA COUNTY LIBRARY
2017,1.68579,LA COUNTY LIBRARY
2018,1.64762,LA COUNTY LIBRARY
2019,1.63463,LA COUNTY LIBRARY
2010,2.45465,LAKE COUNTY LIBRARY
2011,2.54604,LAKE COUNTY LIBRARY
2012,2.24647,LAKE COUNTY LIBRARY
2013,2.35198,LAKE COUNTY LIBRARY
2014,2.3859,LAKE COUNTY LIBRARY
2015,5.24261,LAKE COUNTY LIBRARY
2016,7.09616,LAKE COUNTY LIBRARY
2017,7.91678,LAKE COUNTY LIBRARY
2018,8.72608,LAKE COUNTY LIBRARY
2019,11.77826,LAKE COUNTY LIBRARY
2010,5.17072,LARKSPUR PUBLIC LIBRARY
2011,5.10607,LARKSPUR PUBLIC LIBRARY
2012,4.80334,LARKSPUR PUBLIC LIBRARY
2013,8.1356,LARKSPUR PUBLIC LIBRARY
2014,8.90921,LARKSPUR PUBLIC LIBRARY
2015,9.8675,LARKSPUR PUBLIC LIBRARY
2016,10.73346,LARKSPUR PUBLIC LIBRARY
2017,15.01943,LARKSPUR PUBLIC LIBRARY
2018,16.56265,LARKSPUR PUBLIC LIBRARY
2019,17.4749,LARKSPUR PUBLIC LIBRARY
2010,1.34639,LASSEN LIBRARY DISTRICT
2011,1.39336,LASSEN LIBRARY DISTRICT
2012,1.4123,LASSEN LIBRARY DISTRICT
2013,3.21974,LASSEN LIBRARY DISTRICT
2014,3.13044,LASSEN LIBRARY DISTRICT
2015,3.40728,LASSEN LIBRARY DISTRICT
2016,3.34946,LASSEN LIBRARY DISTRICT
2017,3.1851,LASSEN LIBRARY DISTRICT
2018,4.1202,LASSEN LIBRARY DISTRICT
2019,5.12926,LASSEN LIBRARY DISTRICT
2010,2.78607,LINCOLN PUBLIC LIBRARY
2011,3.12056,LINCOLN PUBLIC LIBRARY
2012,3.34002,LINCOLN PUBLIC LIBRARY
2013,3.47491,LINCOLN PUBLIC LIBRARY
2014,,LINCOLN PUBLIC LIBRARY
2015,4.41015,LINCOLN PUBLIC LIBRARY
2016,2.86702,LINCOLN PUBLIC LIBRARY
2017,2.67988,LINCOLN PUBLIC LIBRARY
2018,10.11156,LINCOLN PUBLIC LIBRARY
2019,11.86226,LINCOLN PUBLIC LIBRARY
2010,3.0875,LIVERMORE PUBLIC LIBRARY
2011,2.75166,LIVERMORE PUBLIC LIBRARY
2012,3.04492,LIVERMORE PUBLIC LIBRARY
2013,2.91358,LIVERMORE PUBLIC LIBRARY
2014,2.95982,LIVERMORE PUBLIC LIBRARY
2015,3.02951,LIVERMORE PUBLIC LIBRARY
2016,2.94435,LIVERMORE PUBLIC LIBRARY
2017,3.8513,LIVERMORE PUBLIC LIBRARY
2018,3.95324,LIVERMORE PUBLIC LIBRARY
2019,4.11869,LIVERMORE PUBLIC LIBRARY
2010,1.96029,LODI PUBLIC LIBRARY
2011,1.97468,LODI PUBLIC LIBRARY
2012,1.92231,LODI PUBLIC LIBRARY
2013,1.90024,LODI PUBLIC LIBRARY
2014,,LODI PUBLIC LIBRARY
2015,,LODI PUBLIC LIBRARY
2016,2.01522,LODI PUBLIC LIBRARY
2017,1.95961,LODI PUBLIC LIBRARY
2018,1.44636,LODI PUBLIC LIBRARY
2019,1.51556,LODI PUBLIC LIBRARY
2010,1.51557,LOMPOC PUBLIC LIBRARY
2011,1.47511,LOMPOC PUBLIC LIBRARY
2012,1.57044,LOMPOC PUBLIC LIBRARY
2013,1.48242,LOMPOC PUBLIC LIBRARY
2014,1.5665,LOMPOC PUBLIC LIBRARY
2015,3.60691,LOMPOC PUBLIC LIBRARY
2016,2.76988,LOMPOC PUBLIC LIBRARY
2017,4.57982,LOMPOC PUBLIC LIBRARY
2018,4.60784,LOMPOC PUBLIC LIBRARY
2019,5.13175,LOMPOC PUBLIC LIBRARY
2010,1.72876,LONG BEACH PUBLIC LIBRARY
2011,1.9097,LONG BEACH PUBLIC LIBRARY
2012,1.73768,LONG BEACH PUBLIC LIBRARY
2013,1.79409,LONG BEACH PUBLIC LIBRARY
2014,1.74592,LONG BEACH PUBLIC LIBRARY
2015,1.59852,LONG BEACH PUBLIC LIBRARY
2016,1.58073,LONG BEACH PUBLIC LIBRARY
2017,1.83287,LONG BEACH PUBLIC LIBRARY
2018,1.55885,LONG BEACH PUBLIC LIBRARY
2019,1.58904,LONG BEACH PUBLIC LIBRARY
2010,,LOOMIS LIBRARY & COMMUNITY LEARNING CENTER
2011,,LOOMIS LIBRARY & COMMUNITY LEARNING CENTER
2012,,LOOMIS LIBRARY & COMMUNITY LEARNING CENTER
2013,,LOOMIS LIBRARY & COMMUNITY LEARNING CENTER
2014,,LOOMIS LIBRARY & COMMUNITY LEARNING CENTER
2015,,LOOMIS LIBRARY & COMMUNITY LEARNING CENTER
2016,,LOOMIS LIBRARY & COMMUNITY LEARNING CENTER
2017,,LOOMIS LIBRARY & COMMUNITY LEARNING CENTER
2018,1.97285,LOOMIS LIBRARY & COMMUNITY LEARNING CENTER
2019,2.15825,LOOMIS LIBRARY & COMMUNITY LEARNING CENTER
2010,1.83981,LOS ANGELES PUBLIC LIBRARY
2011,1.81115,LOS ANGELES PUBLIC LIBRARY
2012,1.81909,LOS ANGELES PUBLIC LIBRARY
2013,1.61007,LOS ANGELES PUBLIC LIBRARY
2014,1.62061,LOS ANGELES PUBLIC LIBRARY
2015,1.67267,LOS ANGELES PUBLIC LIBRARY
2016,1.66659,LOS ANGELES PUBLIC LIBRARY
2017,1.6608,LOS ANGELES PUBLIC LIBRARY
2018,1.68475,LOS ANGELES PUBLIC LIBRARY
2019,1.72434,LOS ANGELES PUBLIC LIBRARY
2010,5.61212,LOS GATOS LIBRARY
2011,4.94664,LOS GATOS LIBRARY
2012,6.03078,LOS GATOS LIBRARY
2013,7.56616,LOS GATOS LIBRARY
2014,10.4082,LOS GATOS LIBRARY
2015,10.35231,LOS GATOS LIBRARY
2016,12.94868,LOS GATOS LIBRARY
2017,22.32215,LOS GATOS LIBRARY
2018,18.01846,LOS GATOS LIBRARY
2019,17.55864,LOS GATOS LIBRARY
2010,1.91562,MADERA COUNTY LIBRARY
2011,1.70509,MADERA COUNTY LIBRARY
2012,1.78497,MADERA COUNTY LIBRARY
2013,1.75309,MADERA COUNTY LIBRARY
2014,1.67913,MADERA COUNTY LIBRARY
2015,1.55003,MADERA COUNTY LIBRARY
2016,1.54219,MADERA COUNTY LIBRARY
2017,1.50183,MADERA COUNTY LIBRARY
2018,1.34247,MADERA COUNTY LIBRARY
2019,4.0289,MADERA COUNTY LIBRARY
2010,3.36366,MARIN COUNTY FREE LIBRARY
2011,3.99848,MARIN COUNTY FREE LIBRARY
2012,3.49535,MARIN COUNTY FREE LIBRARY
2013,3.50767,MARIN COUNTY FREE LIBRARY
2014,4.11291,MARIN COUNTY FREE LIBRARY
2015,4.3287,MARIN COUNTY FREE LIBRARY
2016,4.46374,MARIN COUNTY FREE LIBRARY
2017,4.07536,MARIN COUNTY FREE LIBRARY
2018,4.002,MARIN COUNTY FREE LIBRARY
2019,4.24549,MARIN COUNTY FREE LIBRARY
2010,4.3163,MARIPOSA COUNTY LIBRARY
2011,3.17871,MARIPOSA COUNTY LIBRARY
2012,3.47165,MARIPOSA COUNTY LIBRARY
2013,3.33064,MARIPOSA COUNTY LIBRARY
2014,3.95116,MARIPOSA COUNTY LIBRARY
2015,4.24352,MARIPOSA COUNTY LIBRARY
2016,4.44291,MARIPOSA COUNTY LIBRARY
2017,4.83904,MARIPOSA COUNTY LIBRARY
2018,3.62016,MARIPOSA COUNTY LIBRARY
2019,4.92234,MARIPOSA COUNTY LIBRARY
2010,2.12735,MENDOCINO COUNTY LIBRARY
2011,2.13294,MENDOCINO COUNTY LIBRARY
2012,1.72489,MENDOCINO COUNTY LIBRARY
2013,1.9473,MENDOCINO COUNTY LIBRARY
2014,3.95469,MENDOCINO COUNTY LIBRARY
2015,3.58822,MENDOCINO COUNTY LIBRARY
2016,2.7981,MENDOCINO COUNTY LIBRARY
2017,2.85169,MENDOCINO COUNTY LIBRARY
2018,3.01835,MENDOCINO COUNTY LIBRARY
2019,3.56411,MENDOCINO COUNTY LIBRARY
2010,5.75333,MENLO PARK PUBLIC LIBRARY
2011,5.8496,MENLO PARK PUBLIC LIBRARY
2012,6.21711,MENLO PARK PUBLIC LIBRARY
2013,7.48629,MENLO PARK PUBLIC LIBRARY
2014,7.60367,MENLO PARK PUBLIC LIBRARY
2015,7.3215,MENLO PARK PUBLIC LIBRARY
2016,8.19664,MENLO PARK PUBLIC LIBRARY
2017,8.29168,MENLO PARK PUBLIC LIBRARY
2018,8.75552,MENLO PARK PUBLIC LIBRARY
2019,17.59732,MENLO PARK PUBLIC LIBRARY
2010,1.3639,MERCED COUNTY LIBRARY
2011,1.34695,MERCED COUNTY LIBRARY
2012,1.29622,MERCED COUNTY LIBRARY
2013,1.26218,MERCED COUNTY LIBRARY
2014,1.20597,MERCED COUNTY LIBRARY
2015,1.0797,MERCED COUNTY LIBRARY
2016,1.03257,MERCED COUNTY LIBRARY
2017,0.95203,MERCED COUNTY LIBRARY
2018,0.85812,MERCED COUNTY LIBRARY
2019,0.87746,MERCED COUNTY LIBRARY
2010,8.91852,MILL VALLEY PUBLIC LIBRARY
2011,8.77187,MILL VALLEY PUBLIC LIBRARY
2012,8.619,MILL VALLEY PUBLIC LIBRARY
2013,11.60735,MILL VALLEY PUBLIC LIBRARY
2014,12.34802,MILL VALLEY PUBLIC LIBRARY
2015,12.79234,MILL VALLEY PUBLIC LIBRARY
2016,13.5776,MILL VALLEY PUBLIC LIBRARY
2017,16.87863,MILL VALLEY PUBLIC LIBRARY
2018,18.46467,MILL VALLEY PUBLIC LIBRARY
2019,50.73327,MILL VALLEY PUBLIC LIBRARY
2010,1.82387,MISSION VIEJO LIBRARY
2011,1.85427,MISSION VIEJO LIBRARY
2012,1.95938,MISSION VIEJO LIBRARY
2013,1.91163,MISSION VIEJO LIBRARY
2014,1.90838,MISSION VIEJO LIBRARY
2015,1.93224,MISSION VIEJO LIBRARY
2016,1.92614,MISSION VIEJO LIBRARY
2017,2.141,MISSION VIEJO LIBRARY
2018,1.88981,MISSION VIEJO LIBRARY
2019,1.81501,MISSION VIEJO LIBRARY
2010,7.29037,MODOC COUNTY LIBRARY
2011,7.79375,MODOC COUNTY LIBRARY
2012,7.64713,MODOC COUNTY LIBRARY
2013,8.8655,MODOC COUNTY LIBRARY
2014,8.85637,MODOC COUNTY LIBRARY
2015,8.71633,MODOC COUNTY LIBRARY
2016,8.71065,MODOC COUNTY LIBRARY
2017,8.5155,MODOC COUNTY LIBRARY
2018,9.46615,MODOC COUNTY LIBRARY
2019,9.49979,MODOC COUNTY LIBRARY
2010,8.45212,MONO COUNTY FREE LIBRARY
2011,8.79425,MONO COUNTY FREE LIBRARY
2012,8.75181,MONO COUNTY FREE LIBRARY
2013,8.11645,MONO COUNTY FREE LIBRARY
2014,9.22865,MONO COUNTY FREE LIBRARY
2015,11.27593,MONO COUNTY FREE LIBRARY
2016,16.49165,MONO COUNTY FREE LIBRARY
2017,18.05687,MONO COUNTY FREE LIBRARY
2018,7.99603,MONO COUNTY FREE LIBRARY
2019,11.31677,MONO COUNTY FREE LIBRARY
2010,2.85493,MONROVIA PUBLIC LIBRARY
2011,3.08059,MONROVIA PUBLIC LIBRARY
2012,2.79947,MONROVIA PUBLIC LIBRARY
2013,3.73233,MONROVIA PUBLIC LIBRARY
2014,3.82717,MONROVIA PUBLIC LIBRARY
2015,3.45037,MONROVIA PUBLIC LIBRARY
2016,3.00787,MONROVIA PUBLIC LIBRARY
2017,3.08511,MONROVIA PUBLIC LIBRARY
2018,2.92006,MONROVIA PUBLIC LIBRARY
2019,3.04384,MONROVIA PUBLIC LIBRARY
2010,2.04237,MONTEREY COUNTY FREE LIBRARIES
2011,1.95955,MONTEREY COUNTY FREE LIBRARIES
2012,1.91406,MONTEREY COUNTY FREE LIBRARIES
2013,1.92809,MONTEREY COUNTY FREE LIBRARIES
2014,1.76396,MONTEREY COUNTY FREE LIBRARIES
2015,1.72033,MONTEREY COUNTY FREE LIBRARIES
2016,1.68169,MONTEREY COUNTY FREE LIBRARIES
2017,1.63957,MONTEREY COUNTY FREE LIBRARIES
2018,1.93149,MONTEREY COUNTY FREE LIBRARIES
2019,1.99455,MONTEREY COUNTY FREE LIBRARIES
2010,2.73335,MONTEREY PARK BRUGGEMEYER LIBRARY
2011,2.69804,MONTEREY PARK BRUGGEMEYER LIBRARY
2012,2.65931,MONTEREY PARK BRUGGEMEYER LIBRARY
2013,2.61525,MONTEREY PARK BRUGGEMEYER LIBRARY
2014,,MONTEREY PARK BRUGGEMEYER LIBRARY
2015,2.58887,MONTEREY PARK BRUGGEMEYER LIBRARY
2016,2.33589,MONTEREY PARK BRUGGEMEYER LIBRARY
2017,2.44835,MONTEREY PARK BRUGGEMEYER LIBRARY
2018,2.3965,MONTEREY PARK BRUGGEMEYER LIBRARY
2019,2.1892,MONTEREY PARK BRUGGEMEYER LIBRARY
2010,3.93655,MONTEREY PUBLIC LIBRARY
2011,4.03953,MONTEREY PUBLIC LIBRARY
2012,4.0704,MONTEREY PUBLIC LIBRARY
2013,4.63335,MONTEREY PUBLIC LIBRARY
2014,8.3593,MONTEREY PUBLIC LIBRARY
2015,6.41227,MONTEREY PUBLIC LIBRARY
2016,6.44741,MONTEREY PUBLIC LIBRARY
2017,17.45956,MONTEREY PUBLIC LIBRARY
2018,15.97089,MONTEREY PUBLIC LIBRARY
2019,9.00667,MONTEREY PUBLIC LIBRARY
2010,1.70524,MOORPARK CITY LIBRARY
2011,1.69951,MOORPARK CITY LIBRARY
2012,1.74688,MOORPARK CITY LIBRARY
2013,1.56573,MOORPARK CITY LIBRARY
2014,1.56196,MOORPARK CITY LIBRARY
2015,1.62116,MOORPARK CITY LIBRARY
2016,1.55686,MOORPARK CITY LIBRARY
2017,1.63319,MOORPARK CITY LIBRARY
2018,1.30759,MOORPARK CITY LIBRARY
2019,1.45127,MOORPARK CITY LIBRARY
2010,0.80837,MORENO VALLEY PUBLIC LIBRARY
2011,0.75245,MORENO VALLEY PUBLIC LIBRARY
2012,0.70916,MORENO VALLEY PUBLIC LIBRARY
2013,0.27985,MORENO VALLEY PUBLIC LIBRARY
2014,0.40898,MORENO VALLEY PUBLIC LIBRARY
2015,0.73198,MORENO VALLEY PUBLIC LIBRARY
2016,0.71543,MORENO VALLEY PUBLIC LIBRARY
2017,1.39038,MORENO VALLEY PUBLIC LIBRARY
2018,0.82656,MORENO VALLEY PUBLIC LIBRARY
2019,0.96364,MORENO VALLEY PUBLIC LIBRARY
2010,4.3944,MOUNTAIN VIEW PUBLIC LIBRARY
2011,4.44793,MOUNTAIN VIEW PUBLIC LIBRARY
2012,4.33006,MOUNTAIN VIEW PUBLIC LIBRARY
2013,4.42761,MOUNTAIN VIEW PUBLIC LIBRARY
2014,4.5754,MOUNTAIN VIEW PUBLIC LIBRARY
2015,4.96583,MOUNTAIN VIEW PUBLIC LIBRARY
2016,5.20698,MOUNTAIN VIEW PUBLIC LIBRARY
2017,7.84009,MOUNTAIN VIEW PUBLIC LIBRARY
2018,7.60166,MOUNTAIN VIEW PUBLIC LIBRARY
2019,8.53924,MOUNTAIN VIEW PUBLIC LIBRARY
2010,0.9799,MURRIETA PUBLIC LIBRARY
2011,0.98082,MURRIETA PUBLIC LIBRARY
2012,0.80139,MURRIETA PUBLIC LIBRARY
2013,0.80328,MURRIETA PUBLIC LIBRARY
2014,1.23952,MURRIETA PUBLIC LIBRARY
2015,1.269,MURRIETA PUBLIC LIBRARY
2016,1.40936,MURRIETA PUBLIC LIBRARY
2017,1.37025,MURRIETA PUBLIC LIBRARY
2018,1.69834,MURRIETA PUBLIC LIBRARY
2019,1.59013,MURRIETA PUBLIC LIBRARY
2010,1.77421,NAPA COUNTY LIBRARY
2011,1.55998,NAPA COUNTY LIBRARY
2012,1.36678,NAPA COUNTY LIBRARY
2013,1.43592,NAPA COUNTY LIBRARY
2014,1.27188,NAPA COUNTY LIBRARY
2015,1.21487,NAPA COUNTY LIBRARY
2016,1.21231,NAPA COUNTY LIBRARY
2017,1.25963,NAPA COUNTY LIBRARY
2018,3.84817,NAPA COUNTY LIBRARY
2019,5.10584,NAPA COUNTY LIBRARY
2010,4.02705,NATIONAL CITY PUBLIC LIBRARY
2011,4.04684,NATIONAL CITY PUBLIC LIBRARY
2012,4.20847,NATIONAL CITY PUBLIC LIBRARY
2013,4.22408,NATIONAL CITY PUBLIC LIBRARY
2014,4.03803,NATIONAL CITY PUBLIC LIBRARY
2015,3.91568,NATIONAL CITY PUBLIC LIBRARY
2016,3.92887,NATIONAL CITY PUBLIC LIBRARY
2017,4.98744,NATIONAL CITY PUBLIC LIBRARY
2018,5.11326,NATIONAL CITY PUBLIC LIBRARY
2019,12.52371,NATIONAL CITY PUBLIC LIBRARY
2010,2.22226,NEVADA COUNTY LIBRARY
2011,2.28351,NEVADA COUNTY LIBRARY
2012,2.22146,NEVADA COUNTY LIBRARY
2013,2.37882,NEVADA COUNTY LIBRARY
2014,2.22159,NEVADA COUNTY LIBRARY
2015,2.29066,NEVADA COUNTY LIBRARY
2016,2.30207,NEVADA COUNTY LIBRARY
2017,2.36315,NEVADA COUNTY LIBRARY
2018,2.33821,NEVADA COUNTY LIBRARY
2019,2.19213,NEVADA COUNTY LIBRARY
2010,4.2065,NEWPORT BEACH PUBLIC LIBRARY
2011,3.65706,NEWPORT BEACH PUBLIC LIBRARY
2012,3.42817,NEWPORT BEACH PUBLIC LIBRARY
2013,3.62554,NEWPORT BEACH PUBLIC LIBRARY
2014,3.59391,NEWPORT BEACH PUBLIC LIBRARY
2015,3.73962,NEWPORT BEACH PUBLIC LIBRARY
2016,3.72676,NEWPORT BEACH PUBLIC LIBRARY
2017,3.65605,NEWPORT BEACH PUBLIC LIBRARY
2018,3.55734,NEWPORT BEACH PUBLIC LIBRARY
2019,3.55106,NEWPORT BEACH PUBLIC LIBRARY
2010,3.83994,OAKLAND PUBLIC LIBRARY
2011,2.95727,OAKLAND PUBLIC LIBRARY
2012,2.90873,OAKLAND PUBLIC LIBRARY
2013,2.7897,OAKLAND PUBLIC LIBRARY
2014,2.59309,OAKLAND PUBLIC LIBRARY
2015,2.60037,OAKLAND PUBLIC LIBRARY
2016,2.5816,OAKLAND PUBLIC LIBRARY
2017,2.57483,OAKLAND PUBLIC LIBRARY
2018,3.14193,OAKLAND PUBLIC LIBRARY
2019,3.74072,OAKLAND PUBLIC LIBRARY
2010,1.41343,OCEANSIDE PUBLIC LIBRARY
2011,1.45515,OCEANSIDE PUBLIC LIBRARY
2012,1.33793,OCEANSIDE PUBLIC LIBRARY
2013,1.30137,OCEANSIDE PUBLIC LIBRARY
2014,1.06643,OCEANSIDE PUBLIC LIBRARY
2015,1.07551,OCEANSIDE PUBLIC LIBRARY
2016,1.10854,OCEANSIDE PUBLIC LIBRARY
2017,1.12655,OCEANSIDE PUBLIC LIBRARY
2018,1.23447,OCEANSIDE PUBLIC LIBRARY
2019,3.76692,OCEANSIDE PUBLIC LIBRARY
2010,1.7338,ONTARIO CITY LIBRARY
2011,1.73261,ONTARIO CITY LIBRARY
2012,1.83245,ONTARIO CITY LIBRARY
2013,1.99294,ONTARIO CITY LIBRARY
2014,2.17825,ONTARIO CITY LIBRARY
2015,1.73023,ONTARIO CITY LIBRARY
2016,2.34696,ONTARIO CITY LIBRARY
2017,1.98038,ONTARIO CITY LIBRARY
2018,1.6948,ONTARIO CITY LIBRARY
2019,1.51849,ONTARIO CITY LIBRARY
2010,1.96172,ORANGE COUNTY PUBLIC LIBRARIES
2011,1.77102,ORANGE COUNTY PUBLIC LIBRARIES
2012,1.627,ORANGE COUNTY PUBLIC LIBRARIES
2013,1.40237,ORANGE COUNTY PUBLIC LIBRARIES
2014,1.41824,ORANGE COUNTY PUBLIC LIBRARIES
2015,1.21504,ORANGE COUNTY PUBLIC LIBRARIES
2016,1.24384,ORANGE COUNTY PUBLIC LIBRARIES
2017,1.12453,ORANGE COUNTY PUBLIC LIBRARIES
2018,1.21821,ORANGE COUNTY PUBLIC LIBRARIES
2019,1.05047,ORANGE COUNTY PUBLIC LIBRARIES
2010,1.63037,ORANGE PUBLIC LIBRARY
2011,1.6628,ORANGE PUBLIC LIBRARY
2012,1.55845,ORANGE PUBLIC LIBRARY
2013,1.49279,ORANGE PUBLIC LIBRARY
2014,1.92565,ORANGE PUBLIC LIBRARY
2015,1.94796,ORANGE PUBLIC LIBRARY
2016,1.52577,ORANGE PUBLIC LIBRARY
2017,1.44109,ORANGE PUBLIC LIBRARY
2018,1.33069,ORANGE PUBLIC LIBRARY
2019,1.327,ORANGE PUBLIC LIBRARY
2010,3.62943,ORLAND FREE LIBRARY
2011,3.66288,ORLAND FREE LIBRARY
2012,3.84625,ORLAND FREE LIBRARY
2013,3.74232,ORLAND FREE LIBRARY
2014,3.82285,ORLAND FREE LIBRARY
2015,3.99801,ORLAND FREE LIBRARY
2016,3.96561,ORLAND FREE LIBRARY
2017,4.32722,ORLAND FREE LIBRARY
2018,4.93555,ORLAND FREE LIBRARY
2019,5.18919,ORLAND FREE LIBRARY
2010,2.03457,OXNARD PUBLIC LIBRARY
2011,2.01469,OXNARD PUBLIC LIBRARY
2012,1.85861,OXNARD PUBLIC LIBRARY
2013,1.80857,OXNARD PUBLIC LIBRARY
2014,1.84457,OXNARD PUBLIC LIBRARY
2015,2.24039,OXNARD PUBLIC LIBRARY
2016,2.63279,OXNARD PUBLIC LIBRARY
2017,3.17504,OXNARD PUBLIC LIBRARY
2018,4.34757,OXNARD PUBLIC LIBRARY
2019,4.81201,OXNARD PUBLIC LIBRARY
2010,7.37211,PACIFIC GROVE PUBLIC LIBRARY
2011,7.34339,PACIFIC GROVE PUBLIC LIBRARY
2012,6.44826,PACIFIC GROVE PUBLIC LIBRARY
2013,5.84402,PACIFIC GROVE PUBLIC LIBRARY
2014,8.70581,PACIFIC GROVE PUBLIC LIBRARY
2015,9.83064,PACIFIC GROVE PUBLIC LIBRARY
2016,11.28546,PACIFIC GROVE PUBLIC LIBRARY
2017,5.1272,PACIFIC GROVE PUBLIC LIBRARY
2018,4.32733,PACIFIC GROVE PUBLIC LIBRARY
2019,4.23878,PACIFIC GROVE PUBLIC LIBRARY
2010,2.66124,PALM SPRINGS PUBLIC LIBRARY
2011,2.30623,PALM SPRINGS PUBLIC LIBRARY
2012,2.50709,PALM SPRINGS PUBLIC LIBRARY
2013,2.69171,PALM SPRINGS PUBLIC LIBRARY
2014,2.70829,PALM SPRINGS PUBLIC LIBRARY
2015,4.00034,PALM SPRINGS PUBLIC LIBRARY
2016,4.36005,PALM SPRINGS PUBLIC LIBRARY
2017,4.50753,PALM SPRINGS PUBLIC LIBRARY
2018,5.31513,PALM SPRINGS PUBLIC LIBRARY
2019,4.7916,PALM SPRINGS PUBLIC LIBRARY
2010,0.47217,PALMDALE CITY LIBRARY
2011,0.45422,PALMDALE CITY LIBRARY
2012,0.48434,PALMDALE CITY LIBRARY
2013,0.51631,PALMDALE CITY LIBRARY
2014,0.50326,PALMDALE CITY LIBRARY
2015,0.44031,PALMDALE CITY LIBRARY
2016,0.44459,PALMDALE CITY LIBRARY
2017,0.48973,PALMDALE CITY LIBRARY
2018,0.45668,PALMDALE CITY LIBRARY
2019,4.44204,PALMDALE CITY LIBRARY
2010,4.65667,PALO ALTO CITY LIBRARY
2011,4.66693,PALO ALTO CITY LIBRARY
2012,4.19107,PALO ALTO CITY LIBRARY
2013,4.81346,PALO ALTO CITY LIBRARY
2014,5.61406,PALO ALTO CITY LIBRARY
2015,15.14348,PALO ALTO CITY LIBRARY
2016,5.70002,PALO ALTO CITY LIBRARY
2017,6.19882,PALO ALTO CITY LIBRARY
2018,6.3218,PALO ALTO CITY LIBRARY
2019,6.75262,PALO ALTO CITY LIBRARY
2010,1.44468,PALO VERDE VALLEY LIBRARY DISTRICT
2011,1.41161,PALO VERDE VALLEY LIBRARY DISTRICT
2012,1.18895,PALO VERDE VALLEY LIBRARY DISTRICT
2013,1.16783,PALO VERDE VALLEY LIBRARY DISTRICT
2014,1.18197,PALO VERDE VALLEY LIBRARY DISTRICT
2015,1.15395,PALO VERDE VALLEY LIBRARY DISTRICT
2016,1.16961,PALO VERDE VALLEY LIBRARY DISTRICT
2017,1.13062,PALO VERDE VALLEY LIBRARY DISTRICT
2018,1.13787,PALO VERDE VALLEY LIBRARY DISTRICT
2019,1.86723,PALO VERDE VALLEY LIBRARY DISTRICT
2010,4.95167,PALOS VERDES LIBRARY DISTRICT
2011,4.17482,PALOS VERDES LIBRARY DISTRICT
2012,4.13671,PALOS VERDES LIBRARY DISTRICT
2013,4.00833,PALOS VERDES LIBRARY DISTRICT
2014,4.58531,PALOS VERDES LIBRARY DISTRICT
2015,4.84944,PALOS VERDES LIBRARY DISTRICT
2016,3.94565,PALOS VERDES LIBRARY DISTRICT
2017,7.64608,PALOS VERDES LIBRARY DISTRICT
2018,7.84787,PALOS VERDES LIBRARY DISTRICT
2019,8.23916,PALOS VERDES LIBRARY DISTRICT
2010,5.80173,PASADENA PUBLIC LIBRARY
2011,5.47356,PASADENA PUBLIC LIBRARY
2012,5.57203,PASADENA PUBLIC LIBRARY
2013,5.13391,PASADENA PUBLIC LIBRARY
2014,5.3452,PASADENA PUBLIC LIBRARY
2015,5.33036,PASADENA PUBLIC LIBRARY
2016,4.61463,PASADENA PUBLIC LIBRARY
2017,4.1763,PASADENA PUBLIC LIBRARY
2018,4.28879,PASADENA PUBLIC LIBRARY
2019,6.84797,PASADENA PUBLIC LIBRARY
2010,2.68133,PASO ROBLES CITY LIBRARY
2011,3.02677,PASO ROBLES CITY LIBRARY
2012,3.44866,PASO ROBLES CITY LIBRARY
2013,4.13138,PASO ROBLES CITY LIBRARY
2014,4.81993,PASO ROBLES CITY LIBRARY
2015,7.18176,PASO ROBLES CITY LIBRARY
2016,5.20788,PASO ROBLES CITY LIBRARY
2017,2.27209,PASO ROBLES CITY LIBRARY
2018,2.38257,PASO ROBLES CITY LIBRARY
2019,2.11508,PASO ROBLES CITY LIBRARY
2010,1.75539,PLACENTIA LIBRARY DISTRICT
2011,1.76681,PLACENTIA LIBRARY DISTRICT
2012,1.82851,PLACENTIA LIBRARY DISTRICT
2013,1.89057,PLACENTIA LIBRARY DISTRICT
2014,1.92935,PLACENTIA LIBRARY DISTRICT
2015,1.95089,PLACENTIA LIBRARY DISTRICT
2016,6.56837,PLACENTIA LIBRARY DISTRICT
2017,7.57324,PLACENTIA LIBRARY DISTRICT
2018,8.74512,PLACENTIA LIBRARY DISTRICT
2019,11.8461,PLACENTIA LIBRARY DISTRICT
2010,2.06786,PLACER COUNTY LIBRARY
2011,2.03369,PLACER COUNTY LIBRARY
2012,1.80496,PLACER COUNTY LIBRARY
2013,1.6189,PLACER COUNTY LIBRARY
2014,1.44605,PLACER COUNTY LIBRARY
2015,1.3326,PLACER COUNTY LIBRARY
2016,1.20245,PLACER COUNTY LIBRARY
2017,1.05735,PLACER COUNTY LIBRARY
2018,1.16371,PLACER COUNTY LIBRARY
2019,1.08196,PLACER COUNTY LIBRARY
2010,2.74668,PLEASANTON PUBLIC LIBRARY
2011,2.58584,PLEASANTON PUBLIC LIBRARY
2012,2.59206,PLEASANTON PUBLIC LIBRARY
2013,3.19846,PLEASANTON PUBLIC LIBRARY
2014,3.35061,PLEASANTON PUBLIC LIBRARY
2015,4.74223,PLEASANTON PUBLIC LIBRARY
2016,5.99534,PLEASANTON PUBLIC LIBRARY
2017,7.57944,PLEASANTON PUBLIC LIBRARY
2018,6.44275,PLEASANTON PUBLIC LIBRARY
2019,9.23894,PLEASANTON PUBLIC LIBRARY
2010,3.40257,PLUMAS COUNTY LIBRARY
2011,3.27228,PLUMAS COUNTY LIBRARY
2012,3.49858,PLUMAS COUNTY LIBRARY
2013,4.48072,PLUMAS COUNTY LIBRARY
2014,4.39554,PLUMAS COUNTY LIBRARY
2015,3.90837,PLUMAS COUNTY LIBRARY
2016,4.03596,PLUMAS COUNTY LIBRARY
2017,5.33185,PLUMAS COUNTY LIBRARY
2018,4.8596,PLUMAS COUNTY LIBRARY
2019,6.32897,PLUMAS COUNTY LIBRARY
2010,2.73359,POMONA PUBLIC LIBRARY
2011,2.72912,POMONA PUBLIC LIBRARY
2012,2.71186,POMONA PUBLIC LIBRARY
2013,2.7002,POMONA PUBLIC LIBRARY
2014,2.70184,POMONA PUBLIC LIBRARY
2015,2.63433,POMONA PUBLIC LIBRARY
2016,2.60014,POMONA PUBLIC LIBRARY
2017,1.87033,POMONA PUBLIC LIBRARY
2018,1.86969,POMONA PUBLIC LIBRARY
2019,1.60021,POMONA PUBLIC LIBRARY
2010,1.59156,PORTERVILLE PUBLIC LIBRARY
2011,1.51694,PORTERVILLE PUBLIC LIBRARY
2012,1.56147,PORTERVILLE PUBLIC LIBRARY
2013,1.52186,PORTERVILLE PUBLIC LIBRARY
2014,1.50668,PORTERVILLE PUBLIC LIBRARY
2015,1.34466,PORTERVILLE PUBLIC LIBRARY
2016,2.63022,PORTERVILLE PUBLIC LIBRARY
2017,3.38584,PORTERVILLE PUBLIC LIBRARY
2018,3.79769,PORTERVILLE PUBLIC LIBRARY
2019,2.83146,PORTERVILLE PUBLIC LIBRARY
2010,1.6913,RANCHO CUCAMONGA PUBLIC LIBRARY
2011,1.72144,RANCHO CUCAMONGA PUBLIC LIBRARY
2012,1.73981,RANCHO CUCAMONGA PUBLIC LIBRARY
2013,1.87507,RANCHO CUCAMONGA PUBLIC LIBRARY
2014,1.76514,RANCHO CUCAMONGA PUBLIC LIBRARY
2015,2.24494,RANCHO CUCAMONGA PUBLIC LIBRARY
2016,2.24419,RANCHO CUCAMONGA PUBLIC LIBRARY
2017,1.81935,RANCHO CUCAMONGA PUBLIC LIBRARY
2018,2.08506,RANCHO CUCAMONGA PUBLIC LIBRARY
2019,3.00252,RANCHO CUCAMONGA PUBLIC LIBRARY
2010,4.48845,RANCHO MIRAGE PUBLIC LIBRARY
2011,5.00271,RANCHO MIRAGE PUBLIC LIBRARY
2012,5.83973,RANCHO MIRAGE PUBLIC LIBRARY
2013,6.18879,RANCHO MIRAGE PUBLIC LIBRARY
2014,6.57969,RANCHO MIRAGE PUBLIC LIBRARY
2015,6.52175,RANCHO MIRAGE PUBLIC LIBRARY
2016,6.4938,RANCHO MIRAGE PUBLIC LIBRARY
2017,6.13486,RANCHO MIRAGE PUBLIC LIBRARY
2018,7.64887,RANCHO MIRAGE PUBLIC LIBRARY
2019,5.66825,RANCHO MIRAGE PUBLIC LIBRARY
2010,3.57382,REDONDO BEACH PUBLIC LIBRARY
2011,3.67863,REDONDO BEACH PUBLIC LIBRARY
2012,3.689,REDONDO BEACH PUBLIC LIBRARY
2013,3.67106,REDONDO BEACH PUBLIC LIBRARY
2014,3.8881,REDONDO BEACH PUBLIC LIBRARY
2015,5.32085,REDONDO BEACH PUBLIC LIBRARY
2016,6.08686,REDONDO BEACH PUBLIC LIBRARY
2017,8.24127,REDONDO BEACH PUBLIC LIBRARY
2018,10.07489,REDONDO BEACH PUBLIC LIBRARY
2019,9.92365,REDONDO BEACH PUBLIC LIBRARY
2010,3.76874,REDWOOD CITY PUBLIC LIBRARY
2011,4.23185,REDWOOD CITY PUBLIC LIBRARY
2012,5.33956,REDWOOD CITY PUBLIC LIBRARY
2013,5.53654,REDWOOD CITY PUBLIC LIBRARY
2014,5.53724,REDWOOD CITY PUBLIC LIBRARY
2015,6.19846,REDWOOD CITY PUBLIC LIBRARY
2016,6.42943,REDWOOD CITY PUBLIC LIBRARY
2017,6.54388,REDWOOD CITY PUBLIC LIBRARY
2018,5.23114,REDWOOD CITY PUBLIC LIBRARY
2019,6.51993,REDWOOD CITY PUBLIC LIBRARY
2010,1.7377,RICHMOND PUBLIC LIBRARY
2011,1.5444,RICHMOND PUBLIC LIBRARY
2012,1.50153,RICHMOND PUBLIC LIBRARY
2013,1.47317,RICHMOND PUBLIC LIBRARY
2014,1.60328,RICHMOND PUBLIC LIBRARY
2015,1.49838,RICHMOND PUBLIC LIBRARY
2016,1.48157,RICHMOND PUBLIC LIBRARY
2017,1.52603,RICHMOND PUBLIC LIBRARY
2018,2.25982,RICHMOND PUBLIC LIBRARY
2019,1.76598,RICHMOND PUBLIC LIBRARY
2010,1.31888,RIVERSIDE COUNTY LIBRARY SYSTEM
2011,1.39309,RIVERSIDE COUNTY LIBRARY SYSTEM
2012,1.31761,RIVERSIDE COUNTY LIBRARY SYSTEM
2013,1.03814,RIVERSIDE COUNTY LIBRARY SYSTEM
2014,1.08667,RIVERSIDE COUNTY LIBRARY SYSTEM
2015,0.99588,RIVERSIDE COUNTY LIBRARY SYSTEM
2016,0.94785,RIVERSIDE COUNTY LIBRARY SYSTEM
2017,0.87838,RIVERSIDE COUNTY LIBRARY SYSTEM
2018,0.93973,RIVERSIDE COUNTY LIBRARY SYSTEM
2019,0.95149,RIVERSIDE COUNTY LIBRARY SYSTEM
2010,1.46449,RIVERSIDE PUBLIC LIBRARY
2011,1.53032,RIVERSIDE PUBLIC LIBRARY
2012,1.28835,RIVERSIDE PUBLIC LIBRARY
2013,1.34021,RIVERSIDE PUBLIC LIBRARY
2014,1.3249,RIVERSIDE PUBLIC LIBRARY
2015,1.49159,RIVERSIDE PUBLIC LIBRARY
2016,1.59573,RIVERSIDE PUBLIC LIBRARY
2017,1.42063,RIVERSIDE PUBLIC LIBRARY
2018,1.43219,RIVERSIDE PUBLIC LIBRARY
2019,1.24347,RIVERSIDE PUBLIC LIBRARY
2010,1.48664,ROSEVILLE PUBLIC LIBRARY
2011,1.49351,ROSEVILLE PUBLIC LIBRARY
2012,1.50802,ROSEVILLE PUBLIC LIBRARY
2013,1.30538,ROSEVILLE PUBLIC LIBRARY
2014,1.32191,ROSEVILLE PUBLIC LIBRARY
2015,1.27183,ROSEVILLE PUBLIC LIBRARY
2016,1.25005,ROSEVILLE PUBLIC LIBRARY
2017,1.31883,ROSEVILLE PUBLIC LIBRARY
2018,1.41439,ROSEVILLE PUBLIC LIBRARY
2019,1.28771,ROSEVILLE PUBLIC LIBRARY
2010,1.31187,SACRAMENTO PUBLIC LIBRARY
2011,1.24928,SACRAMENTO PUBLIC LIBRARY
2012,1.25531,SACRAMENTO PUBLIC LIBRARY
2013,1.16763,SACRAMENTO PUBLIC LIBRARY
2014,1.10175,SACRAMENTO PUBLIC LIBRARY
2015,0.839,SACRAMENTO PUBLIC LIBRARY
2016,1.03903,SACRAMENTO PUBLIC LIBRARY
2017,0.93685,SACRAMENTO PUBLIC LIBRARY
2018,0.85662,SACRAMENTO PUBLIC LIBRARY
2019,0.95346,SACRAMENTO PUBLIC LIBRARY
2010,1.39164,SALINAS PUBLIC LIBRARY
2011,1.31804,SALINAS PUBLIC LIBRARY
2012,1.17658,SALINAS PUBLIC LIBRARY
2013,1.25111,SALINAS PUBLIC LIBRARY
2014,0.99579,SALINAS PUBLIC LIBRARY
2015,1.26362,SALINAS PUBLIC LIBRARY
2016,2.77031,SALINAS PUBLIC LIBRARY
2017,3.3621,SALINAS PUBLIC LIBRARY
2018,3.25893,SALINAS PUBLIC LIBRARY
2019,3.97836,SALINAS PUBLIC LIBRARY
2010,5.23427,SAN ANSELMO PUBLIC LIBRARY
2011,5.67701,SAN ANSELMO PUBLIC LIBRARY
2012,6.98496,SAN ANSELMO PUBLIC LIBRARY
2013,8.01558,SAN ANSELMO PUBLIC LIBRARY
2014,8.97853,SAN ANSELMO PUBLIC LIBRARY
2015,9.41105,SAN ANSELMO PUBLIC LIBRARY
2016,26.48442,SAN ANSELMO PUBLIC LIBRARY
2017,26.01285,SAN ANSELMO PUBLIC LIBRARY
2018,42.49806,SAN ANSELMO PUBLIC LIBRARY
2019,52.004,SAN ANSELMO PUBLIC LIBRARY
2010,1.66073,SAN BENITO COUNTY FREE LIBRARY
2011,1.72413,SAN BENITO COUNTY FREE LIBRARY
2012,1.76221,SAN BENITO COUNTY FREE LIBRARY
2013,1.72898,SAN BENITO COUNTY FREE LIBRARY
2014,1.76015,SAN BENITO COUNTY FREE LIBRARY
2015,1.8191,SAN BENITO COUNTY FREE LIBRARY
2016,2.57031,SAN BENITO COUNTY FREE LIBRARY
2017,2.6113,SAN BENITO COUNTY FREE LIBRARY
2018,2.84824,SAN BENITO COUNTY FREE LIBRARY
2019,10.25001,SAN BENITO COUNTY FREE LIBRARY
2010,0.64184,SAN BERNARDINO COUNTY LIBRARY
2011,9.93813,SAN BERNARDINO COUNTY LIBRARY
2012,0.98033,SAN BERNARDINO COUNTY LIBRARY
2013,0.94915,SAN BERNARDINO COUNTY LIBRARY
2014,1.02528,SAN BERNARDINO COUNTY LIBRARY
2015,0.98555,SAN BERNARDINO COUNTY LIBRARY
2016,1.00256,SAN BERNARDINO COUNTY LIBRARY
2017,1.1593,SAN BERNARDINO COUNTY LIBRARY
2018,1.01936,SAN BERNARDINO COUNTY LIBRARY
2019,1.01802,SAN BERNARDINO COUNTY LIBRARY
2010,1.08201,SAN BERNARDINO PUBLIC LIBRARY
2011,1.08326,SAN BERNARDINO PUBLIC LIBRARY
2012,0.97129,SAN BERNARDINO PUBLIC LIBRARY
2013,0.90079,SAN BERNARDINO PUBLIC LIBRARY
2014,0.94109,SAN BERNARDINO PUBLIC LIBRARY
2015,0.93223,SAN BERNARDINO PUBLIC LIBRARY
2016,0.97084,SAN BERNARDINO PUBLIC LIBRARY
2017,1.4384,SAN BERNARDINO PUBLIC LIBRARY
2018,1.54024,SAN BERNARDINO PUBLIC LIBRARY
2019,1.63904,SAN BERNARDINO PUBLIC LIBRARY
2010,2.40108,SAN BRUNO PUBLIC LIBRARY
2011,2.52312,SAN BRUNO PUBLIC LIBRARY
2012,2.63262,SAN BRUNO PUBLIC LIBRARY
2013,3.07947,SAN BRUNO PUBLIC LIBRARY
2014,3.398,SAN BRUNO PUBLIC LIBRARY
2015,3.62727,SAN BRUNO PUBLIC LIBRARY
2016,4.79477,SAN BRUNO PUBLIC LIBRARY
2017,4.61104,SAN BRUNO PUBLIC LIBRARY
2018,3.2311,SAN BRUNO PUBLIC LIBRARY
2019,6.08642,SAN BRUNO PUBLIC LIBRARY
2010,1.4558,SAN DIEGO COUNTY LIBRARY
2011,1.34091,SAN DIEGO COUNTY LIBRARY
2012,1.40286,SAN DIEGO COUNTY LIBRARY
2013,1.40648,SAN DIEGO COUNTY LIBRARY
2014,1.28373,SAN DIEGO COUNTY LIBRARY
2015,1.22514,SAN DIEGO COUNTY LIBRARY
2016,1.21216,SAN DIEGO COUNTY LIBRARY
2017,1.32403,SAN DIEGO COUNTY LIBRARY
2018,1.27179,SAN DIEGO COUNTY LIBRARY
2019,1.15242,SAN DIEGO COUNTY LIBRARY
2010,4.22006,SAN DIEGO PUBLIC LIBRARY
2011,4.07385,SAN DIEGO PUBLIC LIBRARY
2012,4.06172,SAN DIEGO PUBLIC LIBRARY
2013,4.06259,SAN DIEGO PUBLIC LIBRARY
2014,3.96173,SAN DIEGO PUBLIC LIBRARY
2015,3.79155,SAN DIEGO PUBLIC LIBRARY
2016,3.27664,SAN DIEGO PUBLIC LIBRARY
2017,3.2844,SAN DIEGO PUBLIC LIBRARY
2018,2.14733,SAN DIEGO PUBLIC LIBRARY
2019,1.77547,SAN DIEGO PUBLIC LIBRARY
2010,3.75841,SAN FRANCISCO PUBLIC LIBRARY
2011,3.83164,SAN FRANCISCO PUBLIC LIBRARY
2012,3.75171,SAN FRANCISCO PUBLIC LIBRARY
2013,3.7054,SAN FRANCISCO PUBLIC LIBRARY
2014,3.63179,SAN FRANCISCO PUBLIC LIBRARY
2015,3.61071,SAN FRANCISCO PUBLIC LIBRARY
2016,3.55786,SAN FRANCISCO PUBLIC LIBRARY
2017,3.47927,SAN FRANCISCO PUBLIC LIBRARY
2018,3.03076,SAN FRANCISCO PUBLIC LIBRARY
2019,3.27295,SAN FRANCISCO PUBLIC LIBRARY
2010,2.36254,SAN JOSE PUBLIC LIBRARY
2011,2.12975,SAN JOSE PUBLIC LIBRARY
2012,2.17894,SAN JOSE PUBLIC LIBRARY
2013,2.168,SAN JOSE PUBLIC LIBRARY
2014,2.325,SAN JOSE PUBLIC LIBRARY
2015,2.27168,SAN JOSE PUBLIC LIBRARY
2016,2.26757,SAN JOSE PUBLIC LIBRARY
2017,2.24926,SAN JOSE PUBLIC LIBRARY
2018,2.28058,SAN JOSE PUBLIC LIBRARY
2019,2.25349,SAN JOSE PUBLIC LIBRARY
2010,6.07746,SAN JUAN BAUTISTA CITY LIBRARY
2011,6.83342,SAN JUAN BAUTISTA CITY LIBRARY
2012,5.8219,SAN JUAN BAUTISTA CITY LIBRARY
2013,4.75013,SAN JUAN BAUTISTA CITY LIBRARY
2014,4.32539,SAN JUAN BAUTISTA CITY LIBRARY
2015,5.20184,SAN JUAN BAUTISTA CITY LIBRARY
2016,4.90194,SAN JUAN BAUTISTA CITY LIBRARY
2017,4.86973,SAN JUAN BAUTISTA CITY LIBRARY
2018,4.39212,SAN JUAN BAUTISTA CITY LIBRARY
2019,4.48911,SAN JUAN BAUTISTA CITY LIBRARY
2010,4.00694,SAN LEANDRO PUBLIC LIBRARY
2011,3.9922,SAN LEANDRO PUBLIC LIBRARY
2012,0.00843,SAN LEANDRO PUBLIC LIBRARY
2013,3.67908,SAN LEANDRO PUBLIC LIBRARY
2014,,SAN LEANDRO PUBLIC LIBRARY
2015,3.9707,SAN LEANDRO PUBLIC LIBRARY
2016,3.91455,SAN LEANDRO PUBLIC LIBRARY
2017,4.72395,SAN LEANDRO PUBLIC LIBRARY
2018,4.5535,SAN LEANDRO PUBLIC LIBRARY
2019,4.77263,SAN LEANDRO PUBLIC LIBRARY
2010,1.79413,SAN LUIS OBISPO CITY-COUNTY LIBRARY
2011,1.89325,SAN LUIS OBISPO CITY-COUNTY LIBRARY
2012,1.60661,SAN LUIS OBISPO CITY-COUNTY LIBRARY
2013,1.55113,SAN LUIS OBISPO CITY-COUNTY LIBRARY
2014,1.62553,SAN LUIS OBISPO CITY-COUNTY LIBRARY
2015,2.09691,SAN LUIS OBISPO CITY-COUNTY LIBRARY
2016,1.82356,SAN LUIS OBISPO CITY-COUNTY LIBRARY
2017,2.28962,SAN LUIS OBISPO CITY-COUNTY LIBRARY
2018,2.71401,SAN LUIS OBISPO CITY-COUNTY LIBRARY
2019,2.53943,SAN LUIS OBISPO CITY-COUNTY LIBRARY
2010,2.88266,SAN MATEO COUNTY LIBRARIES
2011,2.78745,SAN MATEO COUNTY LIBRARIES
2012,2.68486,SAN MATEO COUNTY LIBRARIES
2013,2.58046,SAN MATEO COUNTY LIBRARIES
2014,2.5951,SAN MATEO COUNTY LIBRARIES
2015,2.52932,SAN MATEO COUNTY LIBRARIES
2016,9.27357,SAN MATEO COUNTY LIBRARIES
2017,2.77189,SAN MATEO COUNTY LIBRARIES
2018,3.18393,SAN MATEO COUNTY LIBRARIES
2019,3.55014,SAN MATEO COUNTY LIBRARIES
2010,3.25504,SAN MATEO PUBLIC LIBRARY
2011,3.41909,SAN MATEO PUBLIC LIBRARY
2012,3.45044,SAN MATEO PUBLIC LIBRARY
2013,4.50816,SAN MATEO PUBLIC LIBRARY
2014,4.39657,SAN MATEO PUBLIC LIBRARY
2015,5.12681,SAN MATEO PUBLIC LIBRARY
2016,5.63133,SAN MATEO PUBLIC LIBRARY
2017,5.25118,SAN MATEO PUBLIC LIBRARY
2018,6.03057,SAN MATEO PUBLIC LIBRARY
2019,7.33929,SAN MATEO PUBLIC LIBRARY
2010,2.61145,SAN RAFAEL PUBLIC LIBRARY
2011,2.09855,SAN RAFAEL PUBLIC LIBRARY
2012,2.40499,SAN RAFAEL PUBLIC LIBRARY
2013,3.10291,SAN RAFAEL PUBLIC LIBRARY
2014,4.55772,SAN RAFAEL PUBLIC LIBRARY
2015,4.96867,SAN RAFAEL PUBLIC LIBRARY
2016,6.63279,SAN RAFAEL PUBLIC LIBRARY
2017,9.02107,SAN RAFAEL PUBLIC LIBRARY
2018,10.33914,SAN RAFAEL PUBLIC LIBRARY
2019,10.36452,SAN RAFAEL PUBLIC LIBRARY
2010,0.8371,SANTA ANA PUBLIC LIBRARY
2011,0.8531,SANTA ANA PUBLIC LIBRARY
2012,0.93159,SANTA ANA PUBLIC LIBRARY
2013,0.80962,SANTA ANA PUBLIC LIBRARY
2014,0.6012,SANTA ANA PUBLIC LIBRARY
2015,0.60269,SANTA ANA PUBLIC LIBRARY
2016,0.98117,SANTA ANA PUBLIC LIBRARY
2017,0.86163,SANTA ANA PUBLIC LIBRARY
2018,1.15216,SANTA ANA PUBLIC LIBRARY
2019,1.05004,SANTA ANA PUBLIC LIBRARY
2010,1.61071,SANTA BARBARA PUBLIC LIBRARY
2011,1.72788,SANTA BARBARA PUBLIC LIBRARY
2012,1.50843,SANTA BARBARA PUBLIC LIBRARY
2013,1.5076,SANTA BARBARA PUBLIC LIBRARY
2014,1.50316,SANTA BARBARA PUBLIC LIBRARY
2015,1.81081,SANTA BARBARA PUBLIC LIBRARY
2016,1.57758,SANTA BARBARA PUBLIC LIBRARY
2017,2.08443,SANTA BARBARA PUBLIC LIBRARY
2018,2.92814,SANTA BARBARA PUBLIC LIBRARY
2019,3.30492,SANTA BARBARA PUBLIC LIBRARY
2010,3.40338,SANTA CLARA CITY LIBRARY
2011,3.48057,SANTA CLARA CITY LIBRARY
2012,3.63371,SANTA CLARA CITY LIBRARY
2013,3.8954,SANTA CLARA CITY LIBRARY
2014,4.46281,SANTA CLARA CITY LIBRARY
2015,4.2109,SANTA CLARA CITY LIBRARY
2016,5.863,SANTA CLARA CITY LIBRARY
2017,6.30694,SANTA CLARA CITY LIBRARY
2018,6.53165,SANTA CLARA CITY LIBRARY
2019,7.59041,SANTA CLARA CITY LIBRARY
2010,4.3736,SANTA CLARA COUNTY LIBRARY
2011,4.5183,SANTA CLARA COUNTY LIBRARY
2012,4.53238,SANTA CLARA COUNTY LIBRARY
2013,4.50418,SANTA CLARA COUNTY LIBRARY
2014,4.52198,SANTA CLARA COUNTY LIBRARY
2015,4.90595,SANTA CLARA COUNTY LIBRARY
2016,5.12105,SANTA CLARA COUNTY LIBRARY
2017,5.05949,SANTA CLARA COUNTY LIBRARY
2018,4.58611,SANTA CLARA COUNTY LIBRARY
2019,4.83174,SANTA CLARA COUNTY LIBRARY
2010,,SANTA CLARITA PUBLIC LIBRARY
2011,2.00029,SANTA CLARITA PUBLIC LIBRARY
2012,1.99832,SANTA CLARITA PUBLIC LIBRARY
2013,1.83905,SANTA CLARITA PUBLIC LIBRARY
2014,2.28323,SANTA CLARITA PUBLIC LIBRARY
2015,1.83959,SANTA CLARITA PUBLIC LIBRARY
2016,1.69801,SANTA CLARITA PUBLIC LIBRARY
2017,1.63373,SANTA CLARITA PUBLIC LIBRARY
2018,1.48705,SANTA CLARITA PUBLIC LIBRARY
2019,1.28868,SANTA CLARITA PUBLIC LIBRARY
2010,2.21153,SANTA CRUZ PUBLIC LIBRARIES
2011,2.16928,SANTA CRUZ PUBLIC LIBRARIES
2012,2.23791,SANTA CRUZ PUBLIC LIBRARIES
2013,2.3925,SANTA CRUZ PUBLIC LIBRARIES
2014,2.04383,SANTA CRUZ PUBLIC LIBRARIES
2015,5.96609,SANTA CRUZ PUBLIC LIBRARIES
2016,2.32206,SANTA CRUZ PUBLIC LIBRARIES
2017,1.87872,SANTA CRUZ PUBLIC LIBRARIES
2018,1.87074,SANTA CRUZ PUBLIC LIBRARIES
2019,2.30163,SANTA CRUZ PUBLIC LIBRARIES
2010,3.65702,SANTA FE SPRINGS CITY LIBRARY
2011,3.75472,SANTA FE SPRINGS CITY LIBRARY
2012,4.14605,SANTA FE SPRINGS CITY LIBRARY
2013,4.07009,SANTA FE SPRINGS CITY LIBRARY
2014,4.0771,SANTA FE SPRINGS CITY LIBRARY
2015,81.64272,SANTA FE SPRINGS CITY LIBRARY
2016,4.26614,SANTA FE SPRINGS CITY LIBRARY
2017,4.35582,SANTA FE SPRINGS CITY LIBRARY
2018,10.68162,SANTA FE SPRINGS CITY LIBRARY
2019,37.02132,SANTA FE SPRINGS CITY LIBRARY
2010,1.70009,SANTA MARIA PUBLIC LIBRARY
2011,1.69392,SANTA MARIA PUBLIC LIBRARY
2012,1.66856,SANTA MARIA PUBLIC LIBRARY
2013,1.8337,SANTA MARIA PUBLIC LIBRARY
2014,1.98389,SANTA MARIA PUBLIC LIBRARY
2015,2.01857,SANTA MARIA PUBLIC LIBRARY
2016,2.0568,SANTA MARIA PUBLIC LIBRARY
2017,1.92879,SANTA MARIA PUBLIC LIBRARY
2018,2.7471,SANTA MARIA PUBLIC LIBRARY
2019,3.37923,SANTA MARIA PUBLIC LIBRARY
2010,4.5607,SANTA MONICA PUBLIC LIBRARY
2011,4.59352,SANTA MONICA PUBLIC LIBRARY
2012,4.8301,SANTA MONICA PUBLIC LIBRARY
2013,4.87496,SANTA MONICA PUBLIC LIBRARY
2014,4.69695,SANTA MONICA PUBLIC LIBRARY
2015,4.80821,SANTA MONICA PUBLIC LIBRARY
2016,6.89317,SANTA MONICA PUBLIC LIBRARY
2017,7.59014,SANTA MONICA PUBLIC LIBRARY
2018,8.38531,SANTA MONICA PUBLIC LIBRARY
2019,9.30458,SANTA MONICA PUBLIC LIBRARY
2010,9.71599,SAUSALITO PUBLIC LIBRARY
2011,9.18128,SAUSALITO PUBLIC LIBRARY
2012,9.30115,SAUSALITO PUBLIC LIBRARY
2013,12.02258,SAUSALITO PUBLIC LIBRARY
2014,14.87712,SAUSALITO PUBLIC LIBRARY
2015,17.58279,SAUSALITO PUBLIC LIBRARY
2016,18.95564,SAUSALITO PUBLIC LIBRARY
2017,53.40756,SAUSALITO PUBLIC LIBRARY
2018,70.98584,SAUSALITO PUBLIC LIBRARY
2019,73.5444,SAUSALITO PUBLIC LIBRARY
2010,1.10143,SHASTA PUBLIC LIBRARIES
2011,0.9411,SHASTA PUBLIC LIBRARIES
2012,1.2127,SHASTA PUBLIC LIBRARIES
2013,1.37781,SHASTA PUBLIC LIBRARIES
2014,1.11162,SHASTA PUBLIC LIBRARIES
2015,1.17289,SHASTA PUBLIC LIBRARIES
2016,1.19735,SHASTA PUBLIC LIBRARIES
2017,1.15005,SHASTA PUBLIC LIBRARIES
2018,1.09802,SHASTA PUBLIC LIBRARIES
2019,1.94855,SHASTA PUBLIC LIBRARIES
2010,6.37578,SIERRA MADRE PUBLIC LIBRARY
2011,6.71021,SIERRA MADRE PUBLIC LIBRARY
2012,6.39635,SIERRA MADRE PUBLIC LIBRARY
2013,6.35956,SIERRA MADRE PUBLIC LIBRARY
2014,6.21638,SIERRA MADRE PUBLIC LIBRARY
2015,5.7216,SIERRA MADRE PUBLIC LIBRARY
2016,5.24578,SIERRA MADRE PUBLIC LIBRARY
2017,5.86829,SIERRA MADRE PUBLIC LIBRARY
2018,5.93669,SIERRA MADRE PUBLIC LIBRARY
2019,6.50129,SIERRA MADRE PUBLIC LIBRARY
2010,2.72868,SIGNAL HILL PUBLIC LIBRARY
2011,2.49699,SIGNAL HILL PUBLIC LIBRARY
2012,2.578,SIGNAL HILL PUBLIC LIBRARY
2013,2.49759,SIGNAL HILL PUBLIC LIBRARY
2014,2.46137,SIGNAL HILL PUBLIC LIBRARY
2015,1.72364,SIGNAL HILL PUBLIC LIBRARY
2016,1.757,SIGNAL HILL PUBLIC LIBRARY
2017,1.92178,SIGNAL HILL PUBLIC LIBRARY
2018,1.71971,SIGNAL HILL PUBLIC LIBRARY
2019,1.83769,SIGNAL HILL PUBLIC LIBRARY
2010,,SIMI VALLEY PUBLIC LIBRARY
2011,,SIMI VALLEY PUBLIC LIBRARY
2012,,SIMI VALLEY PUBLIC LIBRARY
2013,1.10016,SIMI VALLEY PUBLIC LIBRARY
2014,1.10303,SIMI VALLEY PUBLIC LIBRARY
2015,1.21631,SIMI VALLEY PUBLIC LIBRARY
2016,1.18454,SIMI VALLEY PUBLIC LIBRARY
2017,1.1472,SIMI VALLEY PUBLIC LIBRARY
2018,1.1283,SIMI VALLEY PUBLIC LIBRARY
2019,4.78676,SIMI VALLEY PUBLIC LIBRARY
2010,2.60197,SISKIYOU COUNTY FREE LIBRARY
2011,3.24734,SISKIYOU COUNTY FREE LIBRARY
2012,2.87894,SISKIYOU COUNTY FREE LIBRARY
2013,2.61602,SISKIYOU COUNTY FREE LIBRARY
2014,2.42678,SISKIYOU COUNTY FREE LIBRARY
2015,2.48725,SISKIYOU COUNTY FREE LIBRARY
2016,2.42568,SISKIYOU COUNTY FREE LIBRARY
2017,2.70544,SISKIYOU COUNTY FREE LIBRARY
2018,2.89294,SISKIYOU COUNTY FREE LIBRARY
2019,3.09795,SISKIYOU COUNTY FREE LIBRARY
2010,2.0019,SOLANO COUNTY LIBRARY
2011,2.00127,SOLANO COUNTY LIBRARY
2012,1.91842,SOLANO COUNTY LIBRARY
2013,1.72006,SOLANO COUNTY LIBRARY
2014,1.63856,SOLANO COUNTY LIBRARY
2015,1.60715,SOLANO COUNTY LIBRARY
2016,1.5341,SOLANO COUNTY LIBRARY
2017,1.50003,SOLANO COUNTY LIBRARY
2018,1.54689,SOLANO COUNTY LIBRARY
2019,1.37745,SOLANO COUNTY LIBRARY
2010,1.43089,SONOMA COUNTY LIBRARY
2011,1.5175,SONOMA COUNTY LIBRARY
2012,1.50402,SONOMA COUNTY LIBRARY
2013,1.62964,SONOMA COUNTY LIBRARY
2014,1.84178,SONOMA COUNTY LIBRARY
2015,1.80584,SONOMA COUNTY LIBRARY
2016,1.96075,SONOMA COUNTY LIBRARY
2017,1.90023,SONOMA COUNTY LIBRARY
2018,1.91428,SONOMA COUNTY LIBRARY
2019,2.07325,SONOMA COUNTY LIBRARY
2010,5.22139,SOUTH PASADENA PUBLIC LIBRARY
2011,5.94651,SOUTH PASADENA PUBLIC LIBRARY
2012,6.16108,SOUTH PASADENA PUBLIC LIBRARY
2013,5.39268,SOUTH PASADENA PUBLIC LIBRARY
2014,5.72133,SOUTH PASADENA PUBLIC LIBRARY
2015,5.63097,SOUTH PASADENA PUBLIC LIBRARY
2016,5.8054,SOUTH PASADENA PUBLIC LIBRARY
2017,5.84386,SOUTH PASADENA PUBLIC LIBRARY
2018,5.89899,SOUTH PASADENA PUBLIC LIBRARY
2019,6.05609,SOUTH PASADENA PUBLIC LIBRARY
2010,2.90234,SOUTH SAN FRANCISCO PUBLIC LIBRARY
2011,3.11722,SOUTH SAN FRANCISCO PUBLIC LIBRARY
2012,3.21406,SOUTH SAN FRANCISCO PUBLIC LIBRARY
2013,3.52421,SOUTH SAN FRANCISCO PUBLIC LIBRARY
2014,2.65075,SOUTH SAN FRANCISCO PUBLIC LIBRARY
2015,3.15496,SOUTH SAN FRANCISCO PUBLIC LIBRARY
2016,3.11444,SOUTH SAN FRANCISCO PUBLIC LIBRARY
2017,2.96761,SOUTH SAN FRANCISCO PUBLIC LIBRARY
2018,3.283,SOUTH SAN FRANCISCO PUBLIC LIBRARY
2019,2.56106,SOUTH SAN FRANCISCO PUBLIC LIBRARY
2010,15.74679,ST. HELENA PUBLIC LIBRARY
2011,21.22621,ST. HELENA PUBLIC LIBRARY
2012,15.92228,ST. HELENA PUBLIC LIBRARY
2013,15.72876,ST. HELENA PUBLIC LIBRARY
2014,14.16439,ST. HELENA PUBLIC LIBRARY
2015,12.99634,ST. HELENA PUBLIC LIBRARY
2016,13.14255,ST. HELENA PUBLIC LIBRARY
2017,30.771,ST. HELENA PUBLIC LIBRARY
2018,27.63705,ST. HELENA PUBLIC LIBRARY
2019,32.03474,ST. HELENA PUBLIC LIBRARY
2010,1.59998,STANISLAUS COUNTY FREE LIBRARY
2011,1.47562,STANISLAUS COUNTY FREE LIBRARY
2012,1.42873,STANISLAUS COUNTY FREE LIBRARY
2013,1.36111,STANISLAUS COUNTY FREE LIBRARY
2014,1.39946,STANISLAUS COUNTY FREE LIBRARY
2015,1.37171,STANISLAUS COUNTY FREE LIBRARY
2016,1.53516,STANISLAUS COUNTY FREE LIBRARY
2017,1.78377,STANISLAUS COUNTY FREE LIBRARY
2018,1.73585,STANISLAUS COUNTY FREE LIBRARY
2019,1.93221,STANISLAUS COUNTY FREE LIBRARY
2010,1.51994,STOCKTON-SAN JOAQUIN COUNTY PUBLIC LIBRARY
2011,1.28459,STOCKTON-SAN JOAQUIN COUNTY PUBLIC LIBRARY
2012,1.29218,STOCKTON-SAN JOAQUIN COUNTY PUBLIC LIBRARY
2013,1.18992,STOCKTON-SAN JOAQUIN COUNTY PUBLIC LIBRARY
2014,1.17784,STOCKTON-SAN JOAQUIN COUNTY PUBLIC LIBRARY
2015,1.14916,STOCKTON-SAN JOAQUIN COUNTY PUBLIC LIBRARY
2016,1.16569,STOCKTON-SAN JOAQUIN COUNTY PUBLIC LIBRARY
2017,1.11238,STOCKTON-SAN JOAQUIN COUNTY PUBLIC LIBRARY
2018,1.29854,STOCKTON-SAN JOAQUIN COUNTY PUBLIC LIBRARY
2019,0.87583,STOCKTON-SAN JOAQUIN COUNTY PUBLIC LIBRARY
2010,2.11782,SUNNYVALE PUBLIC LIBRARY
2011,2.14448,SUNNYVALE PUBLIC LIBRARY
2012,2.2102,SUNNYVALE PUBLIC LIBRARY
2013,2.28578,SUNNYVALE PUBLIC LIBRARY
2014,2.308,SUNNYVALE PUBLIC LIBRARY
2015,2.46109,SUNNYVALE PUBLIC LIBRARY
2016,4.06904,SUNNYVALE PUBLIC LIBRARY
2017,4.50475,SUNNYVALE PUBLIC LIBRARY
2018,4.57944,SUNNYVALE PUBLIC LIBRARY
2019,5.25591,SUNNYVALE PUBLIC LIBRARY
2010,1.25533,SUTTER COUNTY LIBRARY
2011,1.25521,SUTTER COUNTY LIBRARY
2012,0.96639,SUTTER COUNTY LIBRARY
2013,1.3273,SUTTER COUNTY LIBRARY
2014,1.258,SUTTER COUNTY LIBRARY
2015,1.26642,SUTTER COUNTY LIBRARY
2016,1.27671,SUTTER COUNTY LIBRARY
2017,1.41435,SUTTER COUNTY LIBRARY
2018,1.20221,SUTTER COUNTY LIBRARY
2019,1.15637,SUTTER COUNTY LIBRARY
2010,2.03972,TEHAMA COUNTY LIBRARY
2011,2.2367,TEHAMA COUNTY LIBRARY
2012,2.26576,TEHAMA COUNTY LIBRARY
2013,2.21213,TEHAMA COUNTY LIBRARY
2014,2.24839,TEHAMA COUNTY LIBRARY
2015,1.89932,TEHAMA COUNTY LIBRARY
2016,3.68971,TEHAMA COUNTY LIBRARY
2017,2.61019,TEHAMA COUNTY LIBRARY
2018,2.76338,TEHAMA COUNTY LIBRARY
2019,2.08873,TEHAMA COUNTY LIBRARY
2010,3.50178,THOUSAND OAKS LIBRARY
2011,3.51217,THOUSAND OAKS LIBRARY
2012,3.5742,THOUSAND OAKS LIBRARY
2013,3.56911,THOUSAND OAKS LIBRARY
2014,3.44611,THOUSAND OAKS LIBRARY
2015,3.78834,THOUSAND OAKS LIBRARY
2016,3.14701,THOUSAND OAKS LIBRARY
2017,3.32952,THOUSAND OAKS LIBRARY
2018,3.05601,THOUSAND OAKS LIBRARY
2019,3.4199,THOUSAND OAKS LIBRARY
2010,4.03342,TORRANCE PUBLIC LIBRARY
2011,3.25986,TORRANCE PUBLIC LIBRARY
2012,2.97411,TORRANCE PUBLIC LIBRARY
2013,3.02552,TORRANCE PUBLIC LIBRARY
2014,2.99639,TORRANCE PUBLIC LIBRARY
2015,3.08218,TORRANCE PUBLIC LIBRARY
2016,3.00202,TORRANCE PUBLIC LIBRARY
2017,2.9541,TORRANCE PUBLIC LIBRARY
2018,3.19044,TORRANCE PUBLIC LIBRARY
2019,3.54766,TORRANCE PUBLIC LIBRARY
2010,3.48877,TRINITY COUNTY FREE LIBRARY
2011,3.14757,TRINITY COUNTY FREE LIBRARY
2012,3.10511,TRINITY COUNTY FREE LIBRARY
2013,3.36866,TRINITY COUNTY FREE LIBRARY
2014,3.39091,TRINITY COUNTY FREE LIBRARY
2015,3.47809,TRINITY COUNTY FREE LIBRARY
2016,3.52194,TRINITY COUNTY FREE LIBRARY
2017,4.02281,TRINITY COUNTY FREE LIBRARY
2018,5.33613,TRINITY COUNTY FREE LIBRARY
2019,5.48804,TRINITY COUNTY FREE LIBRARY
2010,0.8954,TULARE COUNTY FREE LIBRARY
2011,0.97372,TULARE COUNTY FREE LIBRARY
2012,0.81672,TULARE COUNTY FREE LIBRARY
2013,0.83964,TULARE COUNTY FREE LIBRARY
2014,0.85235,TULARE COUNTY FREE LIBRARY
2015,0.99423,TULARE COUNTY FREE LIBRARY
2016,0.92876,TULARE COUNTY FREE LIBRARY
2017,0.82659,TULARE COUNTY FREE LIBRARY
2018,0.82402,TULARE COUNTY FREE LIBRARY
2019,0.87662,TULARE COUNTY FREE LIBRARY
2010,1.58028,TULARE PUBLIC LIBRARY
2011,1.8104,TULARE PUBLIC LIBRARY
2012,1.82782,TULARE PUBLIC LIBRARY
2013,1.92028,TULARE PUBLIC LIBRARY
2014,2.02934,TULARE PUBLIC LIBRARY
2015,1.93754,TULARE PUBLIC LIBRARY
2016,1.97266,TULARE PUBLIC LIBRARY
2017,1.60036,TULARE PUBLIC LIBRARY
2018,1.67351,TULARE PUBLIC LIBRARY
2019,1.57252,TULARE PUBLIC LIBRARY
2010,1.48045,TUOLUMNE COUNTY LIBRARY
2011,1.51378,TUOLUMNE COUNTY LIBRARY
2012,1.54604,TUOLUMNE COUNTY LIBRARY
2013,1.43989,TUOLUMNE COUNTY LIBRARY
2014,1.41129,TUOLUMNE COUNTY LIBRARY
2015,1.56579,TUOLUMNE COUNTY LIBRARY
2016,1.59287,TUOLUMNE COUNTY LIBRARY
2017,1.3945,TUOLUMNE COUNTY LIBRARY
2018,1.58536,TUOLUMNE COUNTY LIBRARY
2019,1.60837,TUOLUMNE COUNTY LIBRARY
2010,2.19505,UPLAND PUBLIC LIBRARY
2011,2.28793,UPLAND PUBLIC LIBRARY
2012,2.27087,UPLAND PUBLIC LIBRARY
2013,1.74853,UPLAND PUBLIC LIBRARY
2014,1.76455,UPLAND PUBLIC LIBRARY
2015,1.28737,UPLAND PUBLIC LIBRARY
2016,1.46518,UPLAND PUBLIC LIBRARY
2017,1.26233,UPLAND PUBLIC LIBRARY
2018,1.24217,UPLAND PUBLIC LIBRARY
2019,1.26318,UPLAND PUBLIC LIBRARY
2010,1.86768,VENTURA COUNTY LIBRARY
2011,1.88861,VENTURA COUNTY LIBRARY
2012,1.26117,VENTURA COUNTY LIBRARY
2013,1.86611,VENTURA COUNTY LIBRARY
2014,2.39303,VENTURA COUNTY LIBRARY
2015,2.05497,VENTURA COUNTY LIBRARY
2016,2.3576,VENTURA COUNTY LIBRARY
2017,1.93151,VENTURA COUNTY LIBRARY
2018,2.03844,VENTURA COUNTY LIBRARY
2019,1.91291,VENTURA COUNTY LIBRARY
2010,,VICTORVILLE CITY LIBRARY
2011,0.71269,VICTORVILLE CITY LIBRARY
2012,0.71982,VICTORVILLE CITY LIBRARY
2013,0.65578,VICTORVILLE CITY LIBRARY
2014,0.61421,VICTORVILLE CITY LIBRARY
2015,0.59578,VICTORVILLE CITY LIBRARY
2016,0.61195,VICTORVILLE CITY LIBRARY
2017,0.63099,VICTORVILLE CITY LIBRARY
2018,0.65824,VICTORVILLE CITY LIBRARY
2019,0.4144,VICTORVILLE CITY LIBRARY
2010,2.07921,WATSONVILLE PUBLIC LIBRARY
2011,2.08505,WATSONVILLE PUBLIC LIBRARY
2012,2.15124,WATSONVILLE PUBLIC LIBRARY
2013,2.1638,WATSONVILLE PUBLIC LIBRARY
2014,2.52139,WATSONVILLE PUBLIC LIBRARY
2015,2.60854,WATSONVILLE PUBLIC LIBRARY
2016,2.70295,WATSONVILLE PUBLIC LIBRARY
2017,2.73077,WATSONVILLE PUBLIC LIBRARY
2018,2.81573,WATSONVILLE PUBLIC LIBRARY
2019,2.2726,WATSONVILLE PUBLIC LIBRARY
2010,3.49399,WHITTIER PUBLIC LIBRARY
2011,3.4624,WHITTIER PUBLIC LIBRARY
2012,3.4352,WHITTIER PUBLIC LIBRARY
2013,3.72127,WHITTIER PUBLIC LIBRARY
2014,3.30476,WHITTIER PUBLIC LIBRARY
2015,3.31312,WHITTIER PUBLIC LIBRARY
2016,3.3721,WHITTIER PUBLIC LIBRARY
2017,3.38896,WHITTIER PUBLIC LIBRARY
2018,3.33911,WHITTIER PUBLIC LIBRARY
2019,3.07245,WHITTIER PUBLIC LIBRARY
2010,4.08292,WILLOWS PUBLIC LIBRARY
2011,4.12612,WILLOWS PUBLIC LIBRARY
2012,4.34243,WILLOWS PUBLIC LIBRARY
2013,4.5557,WILLOWS PUBLIC LIBRARY
2014,4.61291,WILLOWS PUBLIC LIBRARY
2015,4.55282,WILLOWS PUBLIC LIBRARY
2016,4.54239,WILLOWS PUBLIC LIBRARY
2017,5.20826,WILLOWS PUBLIC LIBRARY
2018,5.95458,WILLOWS PUBLIC LIBRARY
2019,6.61944,WILLOWS PUBLIC LIBRARY
2010,1.99049,WOODLAND PUBLIC LIBRARY
2011,1.99405,WOODLAND PUBLIC LIBRARY
2012,1.8497,WOODLAND PUBLIC LIBRARY
2013,1.84389,WOODLAND PUBLIC LIBRARY
2014,1.82371,WOODLAND PUBLIC LIBRARY
2015,1.79202,WOODLAND PUBLIC LIBRARY
2016,1.75661,WOODLAND PUBLIC LIBRARY
2017,2.06946,WOODLAND PUBLIC LIBRARY
2018,2.13078,WOODLAND PUBLIC LIBRARY
2019,2.20883,WOODLAND PUBLIC LIBRARY
2010,2.55957,YOLO COUNTY LIBRARY
2011,2.66501,YOLO COUNTY LIBRARY
2012,2.69522,YOLO COUNTY LIBRARY
2013,2.72742,YOLO COUNTY LIBRARY
2014,2.75389,YOLO COUNTY LIBRARY
2015,2.69992,YOLO COUNTY LIBRARY
2016,2.65378,YOLO COUNTY LIBRARY
2017,2.46038,YOLO COUNTY LIBRARY
2018,2.21159,YOLO COUNTY LIBRARY
2019,2.17698,YOLO COUNTY LIBRARY
2010,2.50858,YORBA LINDA PUBLIC LIBRARY
2011,2.74546,YORBA LINDA PUBLIC LIBRARY
2012,2.77079,YORBA LINDA PUBLIC LIBRARY
2013,3.14321,YORBA LINDA PUBLIC LIBRARY
2014,3.2341,YORBA LINDA PUBLIC LIBRARY
2015,2.45678,YORBA LINDA PUBLIC LIBRARY
2016,2.37964,YORBA LINDA PUBLIC LIBRARY
2017,2.37961,YORBA LINDA PUBLIC LIBRARY
2018,2.13169,YORBA LINDA PUBLIC LIBRARY
2019,1.70414,YORBA LINDA PUBLIC LIBRARY
2010,2.05011,YUBA COUNTY LIBRARY
2011,1.92875,YUBA COUNTY LIBRARY
2012,1.74722,YUBA COUNTY LIBRARY
2013,1.76484,YUBA COUNTY LIBRARY
2014,1.77994,YUBA COUNTY LIBRARY
2015,1.48097,YUBA COUNTY LIBRARY
2016,1.50453,YUBA COUNTY LIBRARY
2017,1.29759,YUBA COUNTY LIBRARY
2018,1.34736,YUBA COUNTY LIBRARY
2019,1.07696,YUBA COUNTY LIBRARY
